location,size,total_sqft,bath,price,bhk,price_per_sqft
Nizampet,2 BHK,1056.0,2.0,39.07,2,3699.810606060606
Hitech City,4 Bedroom,2600.0,5.0,120.0,4,4615.384615384615
Alwal,3 BHK,1521.0,3.0,95.0,3,6245.890861275477
Nizampet,2 BHK,1170.0,2.0,38.0,2,3247.863247863248
Hyder Nagar,4 Bedroom,2785.0,5.0,295.0,4,10592.45960502693
Mehdipatnam,2 BHK,1000.0,2.0,38.0,2,3800.0
Narsingi,3 Bedroom,2250.0,3.0,148.0,3,6577.777777777777
Khajaguda Nanakramguda Road,2 BHK,1175.0,2.0,73.5,2,6255.31914893617
Kukatpally,3 BHK,1180.0,3.0,48.0,3,4067.7966101694915
Madhapur,3 BHK,1540.0,3.0,60.0,3,3896.103896103896
Tellapur,3 BHK,2770.0,4.0,290.0,3,10469.314079422382
Hitech City,3 BHK,1755.0,3.0,122.0,3,6951.5669515669515
Manikonda,4 Bedroom,2800.0,5.0,380.0,4,13571.42857142857
Kukatpally,1 RK,510.0,1.0,25.25,1,4950.980392156863
Manikonda,2 BHK,660.0,1.0,23.1,2,3500.0
Tellapur,2 BHK,1151.0,2.0,48.77,2,4237.185056472633
Gachibowli,3 BHK,1025.0,2.0,47.0,3,4585.365853658536
Kokapet,4 BHK,2475.0,4.0,186.0,4,7515.151515151515
Hyder Nagar,3 BHK,1075.0,2.0,35.0,3,3255.813953488372
Mehdipatnam,3 BHK,1760.0,2.0,123.0,3,6988.636363636364
Tellapur,3 BHK,1693.0,3.0,57.39,3,3389.84051978736
Khajaguda Nanakramguda Road,2 BHK,700.0,2.0,36.0,2,5142.857142857143
Madhapur,3 BHK,1724.0,3.0,125.0,3,7250.580046403712
Narsingi,3 BHK,1254.0,3.0,38.0,3,3030.3030303030305
Begumpet,1 BHK,600.0,1.0,38.0,1,6333.333333333333
Nizampet,2 BHK,1330.74,2.0,91.79,2,6897.665960292769
Banjara Hills,2 BHK,970.0,2.0,33.0,2,3402.061855670103
AS Rao Nagar,2 BHK,1459.0,2.0,94.82,2,6498.971898560658
Mallampet,2 BHK,1270.0,2.0,50.0,2,3937.0078740157483
Nanakramguda,3 BHK,1670.0,3.0,99.0,3,5928.143712574851
Mallampet,3 BHK,2010.0,3.0,91.0,3,4527.363184079602
Attapur,2 BHK,1185.0,2.0,75.0,2,6329.113924050633
Alwal,3 BHK,1600.0,2.0,75.0,3,4687.5
Nanakramguda,2 BHK,1200.0,2.0,44.0,2,3666.6666666666665
Nizampet,2 BHK,1500.0,2.0,185.0,2,12333.333333333334
Manikonda,2 BHK,845.0,2.0,55.0,2,6508.87573964497
Puppalaguda,4 Bedroom,5700.0,5.0,650.0,4,11403.508771929824
Kompally,2 BHK,1160.0,2.0,44.0,2,3793.103448275862
Pocharam,2 BHK,1140.0,2.0,43.0,2,3771.9298245614036
Manikonda,2 BHK,1358.0,2.0,80.58,2,5933.726067746687
Masab Tank,3 BHK,1569.0,3.0,101.0,3,6437.221159974506
Miyapur,2 BHK,1240.0,2.0,70.0,2,5645.1612903225805
Kondapur,3 BHK,2089.0,3.0,140.0,3,6701.771182383915
Uppal Kalan,3 BHK,2511.0,3.0,205.0,3,8164.078056551175
Miyapur,3 BHK,1660.0,2.0,105.0,3,6325.301204819277
Rajendra Nagar,2 BHK,1326.0,2.0,78.0,2,5882.35294117647
Beeramguda,3 BHK,1499.0,5.0,102.0,3,6804.536357571715
Bachupally,2 BHK,708.0,2.0,37.0,2,5225.988700564972
Toli Chowki,2 BHK,1060.0,2.0,58.06,2,5477.358490566037
Nanakramguda,2 BHK,1000.0,2.0,70.0,2,7000.0
Kondapur,2 BHK,1296.0,2.0,80.0,2,6172.83950617284
Kistareddypet,4 Bedroom,2894.0,4.0,245.0,4,8465.791292328957
Shaikpet,3 BHK,2502.0,3.0,138.0,3,5515.587529976019
Amberpet,2 BHK,650.0,1.0,17.0,2,2615.3846153846152
Kokapet,3 Bedroom,2400.0,2.0,150.0,3,6250.0
Hitech City,2 BHK,1007.0,2.0,43.0,2,4270.109235352532
Nagole,2 BHK,1200.0,2.0,50.0,2,4166.666666666667
AS Rao Nagar,3 BHK,1640.0,3.0,229.0,3,13963.414634146342
Kapra,2 BHK,1260.0,2.0,66.78,2,5300.0
West Marredpally,3 BHK,1413.0,2.0,75.0,3,5307.855626326964
Puppalaguda,2 BHK,1116.0,2.0,51.91,2,4651.433691756272
Trimalgherry,3 BHK,1530.0,2.0,45.9,3,3000.0
Sanath Nagar,3 Bedroom,2497.0,3.0,140.0,3,5606.728073688426
Darga Khaliz Khan,3 BHK,1540.0,2.0,64.0,3,4155.8441558441555
Nizampet,3 BHK,1427.0,3.0,120.0,3,8409.250175192712
Nizampet,3 BHK,2061.0,3.0,200.0,3,9704.02717127608
Nizampet,4 BHK,5611.5,4.0,477.0,4,8500.400962309543
Nizampet,3 BHK,1282.0,2.0,68.52,3,5344.773790951638
Nizampet,3 BHK,1600.0,3.0,65.0,3,4062.5
Nizampet,2 BHK,1500.0,2.0,78.0,2,5200.0
Nizampet,3 BHK,1870.0,3.0,110.0,3,5882.35294117647
Manikonda,3 Bedroom,1600.0,3.0,75.0,3,4687.5
Manikonda,2 BHK,880.0,1.0,16.5,2,1875.0
Manikonda,3 BHK,1535.0,3.0,83.0,3,5407.166123778502
Manikonda,2 BHK,950.0,2.0,57.0,2,6000.0
Manikonda,2 BHK,1360.0,2.0,65.0,2,4779.411764705882
Manikonda,2 BHK,1073.5,2.0,54.005,2,5030.740568234746
Manikonda,3 BHK,1260.0,2.0,85.05,3,6750.0
Manikonda,5 BHK,3050.0,5.0,213.0,5,6983.606557377049
Manikonda,3 BHK,1563.05,3.0,105.0,3,6717.635392341896
Manikonda,2 BHK,1167.0,2.0,43.76,2,3749.7857754927163
Manikonda,2 BHK,890.0,2.0,35.0,2,3932.5842696629215
Manikonda,3 BHK,1612.0,3.0,46.74,3,2899.5037220843674
Kothaguda,3 BHK,1710.0,4.0,91.31,3,5339.766081871345
Kompally,2 BHK,957.0,2.0,58.0,2,6060.606060606061
Tellapur,2 BHK,1125.0,2.0,50.0,2,4444.444444444444
Tellapur,2 BHK,1020.0,2.0,30.6,2,3000.0
Sanath Nagar,3 BHK,1735.0,3.0,135.0,3,7780.979827089337
Manikonda,3 BHK,2050.0,3.0,145.0,3,7073.170731707317
Kukatpally,2 BHK,1063.0,2.0,32.0,2,3010.348071495767
Nizampet,3 BHK,1904.0,3.0,150.0,3,7878.151260504202
Gachibowli,3 BHK,2000.0,3.0,175.0,3,8750.0
Gachibowli,2 BHK,1242.5,2.0,43.49,2,3500.201207243461
Gachibowli,3 BHK,1425.0,2.0,75.0,3,5263.1578947368425
Gachibowli,3 BHK,1500.0,2.0,64.5,3,4300.0
Gachibowli,2 BHK,1060.0,2.0,60.0,2,5660.377358490566
Gachibowli,3 BHK,1470.0,2.0,70.0,3,4761.9047619047615
Gachibowli,1 BHK,450.0,1.0,11.0,1,2444.4444444444443
Moosapet,2 BHK,1152.0,2.0,64.5,2,5598.958333333333
Balanagar,3 BHK,1350.0,2.0,56.0,3,4148.148148148148
Kokapet,3 BHK,1550.0,3.0,65.0,3,4193.548387096775
Kokapet,1 BHK,705.0,1.0,67.0,1,9503.54609929078
Kokapet,2 BHK,770.0,1.0,36.0,2,4675.324675324675
Kokapet,2 BHK,1242.0,2.0,51.0,2,4106.280193236715
Kokapet,3 BHK,1700.0,3.0,155.0,3,9117.64705882353
Kokapet,3 BHK,2144.0,3.0,145.0,3,6763.059701492537
Jubilee Hills,3 BHK,1704.0,3.0,110.0,3,6455.399061032864
Kokapet,2 BHK,1070.0,2.0,52.0,2,4859.813084112149
Tellapur,2 BHK,1025.0,2.0,46.0,2,4487.804878048781
Narsingi,2 BHK,1277.5,2.0,56.8,2,4446.183953033268
Narsingi,2 BHK,1200.0,2.0,52.0,2,4333.333333333333
raidurgam,3 BHK,1550.0,2.0,80.0,3,5161.290322580645
Pragathi Nagar Kukatpally,2 BHK,1200.0,2.0,60.0,2,5000.0
Banjara Hills,2 BHK,1327.0,2.0,98.0,2,7385.079125847777
Miyapur,3 BHK,1400.0,3.0,56.0,3,4000.0
Miyapur,2 BHK,1225.0,2.0,47.6,2,3885.714285714286
Murad Nagar,3 BHK,1260.0,2.0,54.0,3,4285.714285714285
Tellapur,3 BHK,1282.0,2.0,48.7,3,3798.751950078003
Puppalaguda,3 BHK,1909.0,3.0,88.0,3,4609.743321110529
Tellapur,2 BHK,1359.0,2.0,87.0,2,6401.766004415011
Chandanagar,3 BHK,1595.0,3.0,65.0,3,4075.2351097178685
Nizampet,3 BHK,1475.0,3.0,78.29,3,5307.796610169492
Hitech City,3 BHK,1580.0,3.0,100.0,3,6329.113924050633
Manikonda,2 BHK,1295.0,2.0,65.0,2,5019.305019305019
Nizampet,1 BHK,589.0,1.0,27.0,1,4584.040747028863
Nizampet,3 BHK,1787.0,3.0,98.29,3,5500.279798545048
Chandanagar,3 BHK,1787.0,3.0,125.0,3,6994.963626189144
Nizampet,3 BHK,1475.0,2.0,90.0,3,6101.6949152542375
Hitech City,2 BHK,984.0,2.0,44.28,2,4500.0
Nizampet,3 BHK,2405.0,4.0,260.0,3,10810.81081081081
Nizampet,2 BHK,1080.0,2.0,72.0,2,6666.666666666667
Nizampet,2 BHK,1153.0,2.0,56.4,2,4891.587163920208
Nizampet,2 BHK,1148.0,2.0,60.0,2,5226.480836236934
Nizampet,2 BHK,1110.0,2.0,55.0,2,4954.954954954955
Kukatpally,2 BHK,1100.0,2.0,42.0,2,3818.181818181818
Kukatpally,2 BHK,1290.0,2.0,110.0,2,8527.131782945737
East Marredpally,3 BHK,1933.0,3.0,129.0,3,6673.564407656492
Mallampet,1 BHK,645.0,1.0,16.45,1,2550.3875968992247
Banjara Hills,1 BHK,645.0,1.0,16.45,1,2550.3875968992247
Hitech City,3 BHK,1644.0,3.0,84.0,3,5109.489051094891
Manikonda,2 BHK,1285.0,2.0,72.5,2,5642.023346303502
Aminpur,2 BHK,910.0,2.0,40.0,2,4395.604395604396
Aminpur,3 BHK,1577.0,3.0,70.0,3,4438.807863031072
Aminpur,3 Bedroom,4050.0,3.0,280.0,3,6913.580246913581
Aminpur,3 BHK,2420.0,3.0,185.0,3,7644.628099173554
Aminpur,2 BHK,800.0,1.0,20.0,2,2500.0
Aminpur,2 BHK,1270.0,2.0,93.0,2,7322.834645669292
Aminpur,2 BHK,1108.0,2.0,63.0,2,5685.9205776173285
Mallampet,3 BHK,3045.0,3.0,170.0,3,5582.922824302134
Mallampet,4 Bedroom,2900.0,3.0,300.0,4,10344.827586206897
Mallampet,3 BHK,1500.0,3.0,75.5,3,5033.333333333333
Mallampet,2 BHK,1295.0,2.0,43.9,2,3389.96138996139
Kondapur,2 BHK,1162.0,2.0,59.9,2,5154.9053356282275
Aminpur,2 BHK,1035.0,2.0,49.2,2,4753.623188405797
Kondapur,4 Bedroom,1600.0,4.0,52.8,4,3300.0
Mallampet,3 BHK,1866.0,2.0,61.58,3,3300.10718113612
Tellapur,2 BHK,700.0,1.0,26.0,2,3714.285714285714
Manikonda,3 BHK,1804.0,3.0,120.0,3,6651.884700665189
Mallapur,3 BHK,1868.0,3.0,131.0,3,7012.847965738758
Mallampet,3 BHK,2026.0,3.0,132.0,3,6515.301085883514
Mallampet,2 BHK,1210.0,2.0,80.9,2,6685.950413223141
Kondapur,4 Bedroom,4111.0,4.0,250.0,4,6081.24543906592
Alwal,3 BHK,1762.0,3.0,91.45,3,5190.124858115778
Gajularamaram,3 BHK,1252.0,3.0,55.0,3,4392.97124600639
Serilingampally,2 BHK,861.0,2.0,34.5,2,4006.968641114983
Gajularamaram,3 BHK,1420.0,2.0,100.0,3,7042.2535211267605
Kukatpally,3 BHK,1490.0,3.0,78.8,3,5288.5906040268455
East Marredpally,3 BHK,1425.0,2.0,94.0,3,6596.491228070176
Hitech City,2 BHK,1200.0,2.0,40.0,2,3333.3333333333335
Serilingampally,2 BHK,1084.0,2.0,50.0,2,4612.546125461255
West Marredpally,2 BHK,1015.0,2.0,25.88,2,2549.753694581281
West Marredpally,2 BHK,1017.0,2.0,51.25,2,5039.331366764995
Kukatpally,2 BHK,1069.0,2.0,45.0,2,4209.541627689429
Kukatpally,2 BHK,1349.0,2.0,98.2,2,7279.466271312083
Kukatpally,2 BHK,1005.0,2.0,50.0,2,4975.124378109453
Kukatpally,2 BHK,1417.0,2.0,75.0,2,5292.87226534933
Kondapur,2 BHK,950.0,2.0,47.0,2,4947.368421052632
Kondapur,4 BHK,2000.0,4.0,120.0,4,6000.0
AS Rao Nagar,4 BHK,1863.0,3.0,104.0,4,5582.393988191089
Malkajgiri,2 BHK,1010.0,2.0,29.5,2,2920.792079207921
Malkajgiri,3 BHK,1425.0,2.0,70.0,3,4912.2807017543855
Malkajgiri,3 BHK,1450.0,3.0,100.0,3,6896.551724137931
Malkajgiri,3 BHK,1847.0,3.0,105.0,3,5684.89442338928
Malkajgiri,2 BHK,1100.0,2.0,45.0,2,4090.909090909091
Malkajgiri,1 BHK,525.0,1.0,26.0,1,4952.380952380952
Malkajgiri,3 BHK,1665.0,3.0,95.0,3,5705.705705705705
Malkajgiri,4 BHK,1664.0,4.0,65.0,4,3906.25
Malkajgiri,3 BHK,1850.0,3.0,150.0,3,8108.108108108108
Malkajgiri,2 BHK,1438.0,2.0,100.0,2,6954.102920723227
Kokapet,3 BHK,1560.0,3.0,115.0,3,7371.794871794872
Kondapur,3 BHK,1550.0,3.0,67.0,3,4322.580645161291
Alwal,2 BHK,1280.0,2.0,75.0,2,5859.375
West Marredpally,2 BHK,1113.0,2.0,51.0,2,4582.210242587601
Mettuguda,2 BHK,1385.0,2.0,83.09,2,5999.27797833935
Banjara Hills,2 BHK,1128.0,2.0,65.0,2,5762.41134751773
Kondapur,3 BHK,2390.0,3.0,415.0,3,17364.016736401674
Kukatpally,3 BHK,1464.0,3.0,56.0,3,3825.136612021858
Jubilee Hills,2 BHK,1200.0,2.0,52.0,2,4333.333333333333
Jubilee Hills,3 BHK,1150.0,2.0,55.0,3,4782.608695652174
Kondapur,3 BHK,1645.0,3.0,95.0,3,5775.075987841945
Narsingi,2 BHK,1192.0,2.0,74.0,2,6208.053691275168
Nizampet,3 BHK,2135.0,3.0,215.0,3,10070.257611241217
Nizampet,2 BHK,1173.0,2.0,58.0,2,4944.58653026428
Narsingi,2 BHK,1020.0,2.0,45.0,2,4411.764705882353
Narsingi,4 BHK,3122.0,6.0,230.0,4,7367.072389493914
Nizampet,2 BHK,1250.0,2.0,40.0,2,3200.0
Nizampet,2 BHK,1325.0,2.0,76.0,2,5735.8490566037735
Nizampet,3 BHK,1850.0,3.0,150.0,3,8108.108108108108
Sri Nagar Colony,3 BHK,1260.0,3.0,49.36,3,3917.4603174603176
Malkajgiri,3 BHK,1800.0,3.0,150.0,3,8333.333333333334
Malkajgiri,3 Bedroom,11.0,3.0,74.0,3,672727.2727272727
Mehdipatnam,2 BHK,1100.0,2.0,43.25,2,3931.818181818182
Gajularamaram,2 BHK,1508.0,2.0,77.0,2,5106.100795755968
Venkat Nagar Colony,3 BHK,1592.0,3.0,75.0,3,4711.05527638191
Kukatpally,2 BHK,1388.0,2.0,57.0,2,4106.628242074928
Kokapet,1 BHK,630.0,1.0,28.35,1,4500.0
Kondapur,4 BHK,3252.0,5.0,335.0,4,10301.353013530135
Tellapur,2 BHK,1116.0,2.0,50.0,2,4480.286738351255
Banjara Hills,2 BHK,1308.0,2.0,89.04,2,6807.339449541284
Gajularamaram,2 BHK,1075.0,2.0,52.0,2,4837.209302325581
Gajularamaram,1 BHK,530.0,1.0,11.66,1,2200.0
Chandanagar,2 BHK,1075.0,2.0,60.0,2,5581.395348837209
Nanakramguda,2 BHK,930.0,2.0,39.0,2,4193.548387096775
Gopanpally,2 BHK,1380.0,2.0,60.0,2,4347.826086956522
Serilingampally,4 BHK,2483.0,5.0,212.0,4,8538.058799838904
Somajiguda,2 BHK,1166.0,2.0,55.0,2,4716.981132075472
Banjara Hills,2 BHK,1050.0,2.0,65.0,2,6190.476190476191
Banjara Hills,3 BHK,2023.71,3.0,275.0,3,13588.903548433324
Gachibowli,2 BHK,1200.0,2.0,46.8,2,3900.0
Nagole,3 BHK,1600.0,2.0,108.0,3,6750.0
Nagole,3 BHK,1935.0,3.0,110.0,3,5684.754521963824
Kukatpally,1 BHK,451.0,1.0,29.9,1,6629.711751662971
Uppal Kalan,3 BHK,1800.0,3.0,95.0,3,5277.777777777777
Puppalaguda,3 BHK,1400.0,3.0,77.0,3,5500.0
Madhapur,3 BHK,1801.0,3.0,115.0,3,6385.341476957246
Krishna Reddy Pet,2 BHK,1160.0,2.0,44.0,2,3793.103448275862
Hitech City,2 BHK,950.0,2.0,40.0,2,4210.526315789473
AS Rao Nagar,3 BHK,1826.0,3.0,121.0,3,6626.506024096386
Banjara Hills,2 BHK,1245.0,2.0,94.0,2,7550.2008032128515
Banjara Hills,2 BHK,1145.0,2.0,45.79,2,3999.126637554585
LB Nagar,2 BHK,825.0,2.0,33.0,2,4000.0
Bolarum,3 BHK,1693.0,3.0,108.0,3,6379.208505611341
Miyapur,2 BHK,1113.27,2.0,53.0,2,4760.74986301616
Jubilee Hills,2 BHK,1460.0,2.0,58.0,2,3972.6027397260273
Jubilee Hills,2 BHK,1050.0,2.0,32.0,2,3047.6190476190477
Jubilee Hills,2 BHK,1260.0,2.0,55.0,2,4365.079365079365
Banjara Hills,2 BHK,1656.0,2.0,120.0,2,7246.376811594203
Banjara Hills,3 BHK,1208.0,3.0,45.0,3,3725.1655629139073
Madhapur,3 BHK,1910.0,3.0,161.0,3,8429.319371727748
Hitech City,4 BHK,3252.0,4.0,230.0,4,7072.570725707257
Nanakramguda,2 BHK,1175.0,2.0,82.0,2,6978.723404255319
Puppalaguda,3 BHK,2390.0,3.0,410.0,3,17154.81171548117
Nizampet,2 BHK,750.0,2.0,38.0,2,5066.666666666667
Kukatpally,3 BHK,1550.0,3.0,64.5,3,4161.290322580645
Kukatpally,3 BHK,1760.0,3.0,88.0,3,5000.0
Mehdipatnam,2 BHK,1125.0,2.0,62.0,2,5511.111111111111
Bachupally,3 BHK,1991.0,4.0,103.0,3,5173.279758915118
Bachupally,2 BHK,1060.0,2.0,26.5,2,2500.0
Bachupally,2 BHK,1105.0,2.0,75.0,2,6787.330316742082
Bachupally,2 BHK,985.0,2.0,67.0,2,6802.030456852792
Mallapur,3 BHK,1590.0,3.0,79.0,3,4968.553459119496
Kukatpally,2 BHK,1120.0,2.0,55.0,2,4910.714285714285
Mehdipatnam,2 BHK,1069.0,2.0,55.0,2,5144.9953227315245
Hitech City,3 BHK,1933.0,3.0,140.0,3,7242.628039317124
Mallapur,2 BHK,1194.0,2.0,69.0,2,5778.894472361809
Masab Tank,2 BHK,1150.0,2.0,69.0,2,6000.0
Madhura Nagar,2 BHK,1419.0,2.0,48.1,2,3389.7110641296686
Kukatpally,3 BHK,1450.0,3.0,55.0,3,3793.103448275862
Miyapur,3 BHK,1630.0,3.0,68.29,3,4189.57055214724
Miyapur,2 BHK,708.0,1.0,40.0,2,5649.717514124294
Jubilee Hills,2 BHK,1250.0,2.0,76.0,2,6080.0
Jubilee Hills,3 BHK,1400.0,2.0,95.0,3,6785.714285714285
Kukatpally,3 BHK,1750.0,3.0,100.0,3,5714.285714285715
Madhapur,2 BHK,1404.0,2.0,71.0,2,5056.980056980057
Beeramguda,3 BHK,1715.0,2.0,95.0,3,5539.35860058309
Ghansi Bazaar,1 BHK,630.0,1.0,34.65,1,5500.0
Chintalakunta,3 BHK,1752.12,3.0,135.0,3,7704.951715635916
Kukatpally,2 BHK,1295.0,2.0,55.47,2,4283.397683397683
Gajularamaram,3 Bedroom,1800.0,3.0,252.0,3,14000.0
Gajularamaram,2 BHK,1346.0,2.0,74.03,2,5500.0
Nallakunta,2 BHK,1150.0,2.0,55.0,2,4782.608695652174
Bowenpally,4 Bedroom,3309.0,4.0,325.0,4,9821.698398307646
Nallakunta,3 BHK,1190.0,2.0,30.35,3,2550.4201680672268
Nallakunta,3 BHK,1620.0,3.0,98.0,3,6049.382716049383
Malkajgiri,11 BHK,5000.0,9.0,360.0,11,7200.0
Kompally,3 BHK,2450.0,3.0,120.0,3,4897.959183673469
Kondapur,3 BHK,1220.0,2.0,35.23,3,2887.7049180327863
Kondapur,2 BHK,850.0,2.0,30.0,2,3529.4117647058824
Jubilee Hills,2 BHK,1150.0,2.0,126.0,2,10956.521739130434
Jubilee Hills,3 BHK,1760.0,2.0,130.0,3,7386.363636363636
Jubilee Hills,2 BHK,900.0,2.0,40.0,2,4444.444444444444
Bandlaguda Jagir,2 BHK,1130.0,2.0,42.16,2,3730.973451327434
Jubilee Hills,2 BHK,1320.0,2.0,165.0,2,12500.0
Saroornagar,2 BHK,1200.0,2.0,62.0,2,5166.666666666667
Begumpet,2 BHK,929.0,2.0,50.17,2,5400.4305705059205
Banjara Hills,4 BHK,1150.0,4.0,260.0,4,22608.695652173912
Beeramguda,5 Bedroom,1200.0,5.0,190.0,5,15833.333333333334
Beeramguda,2 BHK,1130.0,2.0,60.0,2,5309.734513274337
Boduppal,3 BHK,1753.0,3.0,120.0,3,6845.407872219053
Boduppal,5 BHK,4500.0,7.0,337.0,5,7488.888888888889
Nagole,2 BHK,1196.0,2.0,94.42,2,7894.648829431439
Kukatpally,2 BHK,1150.0,3.0,52.5,2,4565.217391304348
Kukatpally,2 BHK,1128.0,2.0,63.0,2,5585.106382978724
Beeramguda,2 BHK,1000.0,2.0,53.0,2,5300.0
Beeramguda,2 BHK,1035.0,2.0,45.0,2,4347.826086956522
Beeramguda,3 BHK,1075.0,2.0,36.0,3,3348.8372093023254
Neknampur,2 BHK,1040.0,2.0,48.5,2,4663.461538461538
Beeramguda,3 BHK,1511.0,3.0,95.0,3,6287.22700198544
Mallapur,3 BHK,1545.0,3.0,68.75,3,4449.838187702266
Nagole,2 BHK,1000.0,2.0,35.0,2,3500.0
Appa Junction Peerancheru,2 BHK,883.0,2.0,45.0,2,5096.262740656852
Appa Junction Peerancheru,2 BHK,1195.0,2.0,70.0,2,5857.740585774059
Ambedkar Nagar,2 BHK,1246.0,2.0,67.0,2,5377.2070626003215
Hafeezpet,4 BHK,2805.0,5.0,154.0,4,5490.196078431372
Saroornagar,2 BHK,1353.0,2.0,110.0,2,8130.081300813008
Bachupally,3 BHK,1599.0,3.0,125.0,3,7817.385866166354
Kondapur,2 BHK,1150.0,2.0,70.0,2,6086.95652173913
Gajularamaram,4 BHK,5230.0,6.0,465.0,4,8891.013384321224
Narsingi,2 BHK,1155.0,2.0,42.74,2,3700.4329004329006
Boduppal,3 BHK,1867.0,3.0,160.0,3,8569.89823245849
Manikonda,2 BHK,1251.0,2.0,47.0,2,3756.994404476419
Vanasthalipuram,2 BHK,1028.0,2.0,45.5,2,4426.070038910506
Amberpet,2 BHK,1222.0,2.0,45.0,2,3682.4877250409168
Gachibowli,3 BHK,1170.0,2.0,66.0,3,5641.025641025641
Gachibowli,3 BHK,2400.0,4.0,245.0,3,10208.333333333334
Bandlaguda Jagir,2 BHK,1372.0,2.0,68.0,2,4956.268221574344
Moula Ali,3 BHK,1282.0,2.0,49.0,3,3822.1528861154447
Bandlaguda Jagir,9 BHK,5000.0,9.0,210.0,9,4200.0
Moula Ali,2 BHK,1135.0,2.0,39.73,2,3500.440528634361
Kondapur,3 BHK,1325.0,2.0,90.0,3,6792.452830188679
Mehdipatnam,3 BHK,1599.0,3.0,99.0,3,6191.369606003753
Kukatpally,2 BHK,1317.5,2.0,63.77,2,4840.2277039848195
Kukatpally,3 BHK,3450.0,5.0,260.0,3,7536.231884057971
Banjara Hills,2 BHK,1102.0,2.0,53.67,2,4870.235934664247
Banjara Hills,2 BHK,1350.0,2.0,54.0,2,4000.0
Kachiguda,1 BHK,525.0,1.0,27.25,1,5190.476190476191
Kachiguda,2 BHK,656.0,2.0,25.0,2,3810.9756097560976
Kachiguda,2 BHK,1056.0,2.0,80.0,2,7575.757575757576
Kachiguda,1 BHK,595.0,1.0,33.32,1,5600.0
Kachiguda,3 BHK,2225.0,3.0,160.0,3,7191.011235955056
Kachiguda,2 BHK,1126.0,2.0,28.15,2,2500.0
Mehdipatnam,3 BHK,1490.0,3.0,84.0,3,5637.583892617449
Nacharam,3 BHK,1550.0,3.0,100.0,3,6451.612903225807
Nacharam,3 BHK,1600.0,3.0,86.0,3,5375.0
Nizampet,4 Bedroom,4144.0,4.0,315.0,4,7601.351351351352
Nizampet,3 BHK,2100.0,3.0,125.0,3,5952.380952380952
Nizampet,2 BHK,1404.0,2.0,69.3,2,4935.897435897436
Nizampet,4 Bedroom,2230.0,4.0,225.0,4,10089.686098654709
Kondapur,3 BHK,1305.0,2.0,58.7,3,4498.08429118774
Narsingi,2 BHK,1230.0,2.0,80.0,2,6504.065040650406
Kukatpally,1 BHK,715.0,1.0,46.0,1,6433.566433566433
Masab Tank,3 BHK,2500.0,3.0,313.0,3,12520.0
Kukatpally,3 BHK,1578.0,3.0,180.0,3,11406.84410646388
Nizampet,2 BHK,1020.0,2.0,40.0,2,3921.5686274509803
Malkajgiri,2 BHK,1253.0,2.0,102.0,2,8140.462889066241
Bolarum,2 BHK,1180.0,2.0,42.0,2,3559.322033898305
Bachupally,2 BHK,961.0,2.0,38.0,2,3954.2143600416234
Nizampet,3 BHK,1709.0,3.0,150.0,3,8777.062609713283
Nagole,2 BHK,1260.0,2.0,45.0,2,3571.4285714285716
Nagole,3 BHK,1630.0,3.0,85.0,3,5214.7239263803685
Nizampet,3 BHK,1249.0,3.0,44.71,3,3579.663730984788
Alwal,3 BHK,1450.0,2.0,85.0,3,5862.068965517241
Kokapet,3 BHK,2791.0,3.0,223.0,3,7989.967753493372
Kokapet,1 BHK,834.0,1.0,60.0,1,7194.244604316546
Mehdipatnam,2 BHK,891.0,2.0,25.0,2,2805.8361391694725
Nanakramguda,2 BHK,1133.0,2.0,49.07,2,4330.979699911739
Chandanagar,3 BHK,1075.0,2.0,37.0,3,3441.860465116279
Kondapur,2 BHK,1090.0,2.0,42.0,2,3853.211009174312
Manikonda,3 BHK,1920.0,3.0,134.0,3,6979.166666666667
Narsingi,2 BHK,1374.0,2.0,95.0,2,6914.1193595342065
Puppalaguda,1 BHK,711.0,1.0,36.0,1,5063.291139240507
Nallagandla Gachibowli,3 BHK,1500.0,3.0,95.0,3,6333.333333333333
Kondapur,3 BHK,1720.0,3.0,100.0,3,5813.953488372093
Chandanagar,2 BHK,1200.0,2.0,85.0,2,7083.333333333333
Banjara Hills,3 BHK,1375.0,3.0,70.0,3,5090.909090909091
Jubilee Hills,3 BHK,2250.0,3.0,160.0,3,7111.111111111111
East Marredpally,2 BHK,1000.0,2.0,50.0,2,5000.0
Kondapur,1 BHK,469.0,1.0,25.0,1,5330.490405117271
Narsingi,4 BHK,3800.0,4.0,250.0,4,6578.9473684210525
Narsingi,2 BHK,883.0,2.0,29.0,2,3284.2582106455266
Kondapur,3 BHK,1820.0,2.0,86.0,3,4725.274725274725
Kondapur,4 BHK,2500.0,5.0,325.0,4,13000.0
Jubilee Hills,1 BHK,750.0,1.0,40.0,1,5333.333333333333
Kukatpally,3 BHK,2378.0,3.0,262.0,3,11017.661900756939
Banjara Hills,2 BHK,1128.0,2.0,60.0,2,5319.148936170212
Kokapet,3 BHK,1500.0,3.0,150.0,3,10000.0
Gachibowli,3 BHK,1100.0,2.0,58.0,3,5272.727272727273
Abids,3 BHK,1200.0,3.0,46.0,3,3833.3333333333335
Kondapur,3 BHK,1641.0,3.0,66.0,3,4021.9378427787933
Chandanagar,2 BHK,1260.0,2.0,67.39,2,5348.412698412699
West Marredpally,2 BHK,1132.5,2.0,48.13,2,4249.889624724062
Kukatpally,2 BHK,1210.0,2.0,45.98,2,3800.0
Kondapur,3 BHK,1075.0,2.0,45.0,3,4186.046511627907
Malkajgiri,3 BHK,1702.0,3.0,130.0,3,7638.07285546416
Somajiguda,2 BHK,1630.0,2.0,200.0,2,12269.938650306749
Miyapur,2 BHK,1141.0,2.0,38.55,2,3378.6152497808935
Alwal,4 Bedroom,4046.0,4.0,445.0,4,10998.517053880376
Alwal,3 BHK,35000.0,3.0,130.0,3,371.42857142857144
Hitech City,3 BHK,1875.0,3.0,165.0,3,8800.0
Madhapur,3 Bedroom,1200.0,3.0,140.0,3,11666.666666666666
Sri Nagar Colony,2 BHK,1140.0,2.0,56.0,2,4912.2807017543855
Hitech City,3 BHK,1683.0,3.0,109.0,3,6476.5300059417705
Quthbullapur,4 BHK,2118.0,4.0,111.0,4,5240.793201133144
Kukatpally,3 BHK,2300.0,3.0,120.0,3,5217.391304347826
Kukatpally,2 BHK,1240.0,2.0,60.0,2,4838.709677419355
Kondapur,3 BHK,1750.0,3.0,120.0,3,6857.142857142857
Alwal,2 BHK,985.0,2.0,40.39,2,4100.507614213198
Kondapur,3 Bedroom,1500.0,2.0,87.0,3,5800.0
Alwal,2 BHK,950.0,2.0,44.0,2,4631.578947368421
Alwal,2 BHK,1090.0,2.0,28.34,2,2600.0
Kondapur,2 BHK,810.0,2.0,24.5,2,3024.6913580246915
Kondapur,2 BHK,1045.0,2.0,45.0,2,4306.2200956937795
Kondapur,2 BHK,1337.0,2.0,82.0,2,6133.1338818249815
Hafeezpet,3 BHK,1580.0,3.0,160.0,3,10126.582278481013
Kukatpally,3 BHK,1500.0,2.0,54.0,3,3600.0
Kukatpally,3 BHK,1640.0,4.0,91.0,3,5548.780487804878
Gajularamaram,3 BHK,1570.0,3.0,62.0,3,3949.044585987261
Kondapur,3 BHK,1470.0,2.0,82.0,3,5578.231292517007
Sainikpuri,2 BHK,1050.0,2.0,71.0,2,6761.9047619047615
Puppalaguda,3 BHK,1855.0,3.0,225.0,3,12129.380053908355
Puppalaguda,3 BHK,1460.0,2.0,90.0,3,6164.3835616438355
Nizampet,2 BHK,1094.0,2.0,42.0,2,3839.1224862888484
Serilingampally,2 BHK,1153.0,2.0,57.0,2,4943.625325238509
Serilingampally,3 BHK,1325.0,3.0,57.0,3,4301.88679245283
Gachibowli,3 BHK,1590.0,2.0,125.0,3,7861.635220125786
Kondapur,2 BHK,1202.0,2.0,48.0,2,3993.3444259567386
Kukatpally,2 BHK,1200.0,2.0,62.5,2,5208.333333333333
Kondapur,3 BHK,1688.0,3.0,118.0,3,6990.521327014218
Manikonda,2 BHK,1020.0,2.0,52.0,2,5098.0392156862745
West Marredpally,2 BHK,1185.0,2.0,47.0,2,3966.2447257383965
Manikonda,2 BHK,1235.0,2.0,52.04,2,4213.765182186235
Banjara Hills,4 BHK,3205.0,5.0,500.0,4,15600.624024960998
Banjara Hills,3 BHK,1415.0,2.0,66.0,3,4664.310954063604
Banjara Hills,3 BHK,2330.0,3.0,162.0,3,6952.789699570815
Banjara Hills,2 BHK,805.0,2.0,35.0,2,4347.826086956522
Qutub Shahi Tombs,2 BHK,1155.0,2.0,59.95,2,5190.476190476191
Sainikpuri,2 BHK,1100.0,2.0,48.0,2,4363.636363636364
Malkajgiri,2 BHK,1468.0,2.0,140.0,2,9536.784741144415
East Marredpally,4 Bedroom,4300.0,5.0,550.0,4,12790.697674418605
Kukatpally,3 BHK,2280.0,4.0,126.0,3,5526.315789473684
Nizampet,2 BHK,1341.0,2.0,97.0,2,7233.407904548844
Nagole,4 BHK,2225.0,4.0,98.88,4,4444.044943820225
Nacharam,2 BHK,1185.0,2.0,43.51,2,3671.7299578059074
Nacharam,3 BHK,1750.0,3.0,85.0,3,4857.142857142857
Kapra,2 BHK,1152.0,2.0,53.5,2,4644.097222222223
Mallapur,2 BHK,1300.0,2.0,36.0,2,2769.230769230769
Nizampet,2 BHK,1101.0,2.0,45.0,2,4087.193460490463
Mallapur,1 BHK,667.0,1.0,36.85,1,5524.737631184408
West Marredpally,2 BHK,1070.0,2.0,55.0,2,5140.186915887851
Nacharam,3 BHK,1875.0,2.0,110.0,3,5866.666666666667
Toli Chowki,2 BHK,735.0,2.0,57.99,2,7889.7959183673465
Habsiguda,2 BHK,1215.0,2.0,67.0,2,5514.40329218107
KTR Colony,2 BHK,820.0,2.0,30.0,2,3658.5365853658536
Mallapur,2 BHK,1177.5,2.0,59.935,2,5090.0212314225055
Nizampet,3 BHK,1779.0,3.0,89.61,3,5037.099494097808
Nizampet,2 BHK,1105.0,2.0,58.0,2,5248.868778280543
Nizampet,3 BHK,1650.0,3.0,60.0,3,3636.3636363636365
Nizampet,2 BHK,1694.0,2.0,150.0,2,8854.78158205431
AS Rao Nagar,3 BHK,2376.0,3.0,203.0,3,8543.771043771043
Tarnaka,2 BHK,674.0,2.0,33.0,2,4896.142433234421
West Marredpally,2 BHK,1185.0,2.0,41.0,2,3459.915611814346
Nagole,1 RK,445.0,1.0,28.0,1,6292.134831460674
Nacharam,3 BHK,1618.0,3.0,82.5,3,5098.887515451174
Toli Chowki,2 BHK,1120.0,2.0,65.0,2,5803.571428571428
Mallapur,4 BHK,2181.0,3.0,152.0,4,6969.280146721688
Habsiguda,3 BHK,1556.0,2.0,59.13,3,3800.1285347043704
Mallampet,2 BHK,1179.0,2.0,66.02,2,5599.660729431722
Nizampet,2 BHK,1296.0,2.0,83.0,2,6404.320987654321
Mallapur,2 BHK,1275.0,2.0,52.0,2,4078.4313725490197
Nagole,2 BHK,1222.0,2.0,63.0,2,5155.482815057283
Banjara Hills,2 BHK,940.0,2.0,41.0,2,4361.702127659574
Nizampet,2 BHK,1185.0,2.0,42.6,2,3594.9367088607596
Nizampet,3 BHK,1779.0,3.0,112.0,3,6295.6717256885895
Nizampet,3 BHK,1615.0,3.0,59.76,3,3700.30959752322
Manikonda,2 BHK,1056.0,2.0,61.0,2,5776.515151515152
Habsiguda,2 BHK,920.0,2.0,40.0,2,4347.826086956522
Puppalaguda,3 BHK,1602.0,2.0,75.0,3,4681.647940074907
Nizampet,3 BHK,1717.0,3.0,99.0,3,5765.87070471753
West Marredpally,4 BHK,2119.0,4.0,111.0,4,5238.319962246343
Kukatpally,2 BHK,1246.0,2.0,67.3,2,5401.284109149277
Habsiguda,2 BHK,1141.0,2.0,42.79,2,3750.219106047327
Puppalaguda,2 BHK,1025.0,2.0,27.68,2,2700.487804878049
Manikonda,1 BHK,650.0,1.0,33.0,1,5076.923076923077
East Marredpally,2 BHK,1349.0,2.0,98.0,2,7264.6404744255005
Beeramguda,3 BHK,1566.0,3.0,83.3,3,5319.284802043423
Nizampet,4 BHK,2830.0,3.0,195.0,4,6890.459363957597
Nizampet,2 BHK,1091.0,2.0,34.9,2,3198.9000916590285
Nizampet,4 BHK,3670.0,4.0,300.0,4,8174.386920980926
Appa Junction Peerancheru,4 BHK,1950.0,4.0,130.0,4,6666.666666666667
Appa Junction Peerancheru,3 BHK,1705.0,3.0,95.0,3,5571.847507331378
Appa Junction Peerancheru,3 BHK,1375.0,3.0,75.0,3,5454.545454545455
Appa Junction Peerancheru,1 BHK,525.0,1.0,30.0,1,5714.285714285715
Appa Junction Peerancheru,2 BHK,1114.0,2.0,39.0,2,3500.8976660682224
Appa Junction Peerancheru,3 BHK,1450.0,2.0,100.0,3,6896.551724137931
Appa Junction Peerancheru,2 BHK,1000.0,2.0,45.0,2,4500.0
Appa Junction Peerancheru,2 BHK,1128.0,2.0,68.75,2,6094.858156028369
Appa Junction Peerancheru,2 BHK,1180.0,2.0,57.0,2,4830.5084745762715
Appa Junction Peerancheru,2 BHK,1339.0,2.0,75.0,2,5601.194921583271
Appa Junction Peerancheru,2 BHK,1040.0,2.0,39.52,2,3800.0000000000005
Miyapur,3 BHK,1691.0,3.0,113.0,3,6682.436428149024
Miyapur,3 BHK,1075.0,3.0,36.0,3,3348.8372093023254
Miyapur,2 BHK,1122.5,2.0,58.935,2,5250.334075723831
Kukatpally,3 BHK,1665.0,3.0,86.58,3,5200.0
Kukatpally,2 BHK,1142.0,2.0,70.0,2,6129.5971978984235
Kukatpally,3 BHK,1976.0,3.0,184.0,3,9311.74089068826
Kukatpally,2 BHK,1175.0,2.0,51.47,2,4380.425531914893
Kondapur,2 BHK,1200.0,2.0,52.0,2,4333.333333333333
Kukatpally,2 BHK,995.0,2.0,41.0,2,4120.603015075377
Appa Junction,2 BHK,884.0,2.0,41.1,2,4649.321266968326
Appa Junction,2 BHK,1170.0,2.0,57.0,2,4871.794871794872
Appa Junction,2 BHK,1225.0,2.0,46.55,2,3800.0
Beeramguda,2 BHK,1342.0,2.0,73.3,2,5461.997019374068
Krishna Reddy Pet,3 BHK,1320.0,3.0,65.0,3,4924.242424242424
Moosapet,2 BHK,1140.0,2.0,49.39,2,4332.456140350877
Moosapet,2 BHK,1300.0,2.0,50.0,2,3846.153846153846
Gajularamaram,3 BHK,2072.0,4.0,142.0,3,6853.281853281854
Miyapur,3 BHK,1360.0,2.0,71.0,3,5220.588235294118
Beeramguda,3 BHK,1145.0,2.0,60.0,3,5240.174672489083
Kukatpally,3 BHK,1540.0,2.0,40.0,3,2597.4025974025976
Kukatpally,2 BHK,1278.0,2.0,95.0,2,7433.489827856025
Gajulramaram Kukatpally,1 BHK,630.0,1.0,40.0,1,6349.206349206349
Gajulramaram Kukatpally,3 BHK,1100.0,3.0,58.0,3,5272.727272727273
Gajulramaram Kukatpally,3 Bedroom,1200.0,3.0,95.0,3,7916.666666666667
Kukatpally,1 BHK,582.5,1.0,15.135,1,2598.283261802575
Mallampet,2 BHK,1015.0,2.0,25.88,2,2549.753694581281
Krishna Reddy Pet,2 BHK,1180.0,2.0,69.0,2,5847.457627118644
Krishna Reddy Pet,2 BHK,1116.0,2.0,51.91,2,4651.433691756272
Narsingi,2 BHK,1070.0,2.0,42.79,2,3999.0654205607475
Manikonda,2 BHK,1385.0,2.0,80.0,2,5776.173285198556
Khajaguda Nanakramguda Road,2 BHK,1005.0,2.0,55.78,2,5550.248756218905
Miyapur,3 BHK,1575.0,3.0,125.0,3,7936.507936507936
Kondapur,2 BHK,975.0,2.0,65.0,2,6666.666666666667
Cherlapalli,3 BHK,1904.0,3.0,120.0,3,6302.5210084033615
Hitech City,1 BHK,525.0,1.0,26.0,1,4952.380952380952
Kachiguda,2 Bedroom,2400.0,3.0,150.0,2,6250.0
Manikonda,2 BHK,1174.0,2.0,69.0,2,5877.342419080068
Gajularamaram,3 BHK,2225.0,2.0,125.0,3,5617.9775280898875
Tarnaka,2 BHK,1250.0,2.0,200.0,2,16000.0
Tarnaka,2 BHK,918.0,2.0,52.0,2,5664.488017429194
Krishna Reddy Pet,2 BHK,1170.0,2.0,53.0,2,4529.91452991453
Krishna Reddy Pet,3 BHK,1710.0,3.0,107.0,3,6257.309941520468
Beeramguda,3 BHK,1082.0,2.0,57.5,3,5314.232902033272
Attapur,3 BHK,1554.0,3.0,55.0,3,3539.253539253539
Krishna Reddy Pet,2 BHK,1142.5,2.0,43.415,2,3800.0
Beeramguda,2 BHK,1045.0,2.0,98.89,2,9463.157894736842
Miyapur,3 BHK,1935.0,4.0,130.0,3,6718.3462532299745
Tellapur,3 BHK,1680.0,3.0,150.0,3,8928.57142857143
Tellapur,4 BHK,2470.0,5.0,247.0,4,10000.0
Tellapur,4 BHK,2825.0,4.0,250.0,4,8849.557522123894
Beeramguda,3 BHK,2480.0,3.0,330.0,3,13306.451612903225
Himayat Nagar,3 BHK,1799.0,3.0,90.0,3,5002.77932184547
Manikonda,1 BHK,400.0,1.0,11.0,1,2750.0
Miyapur,2 BHK,1047.0,2.0,82.0,2,7831.900668576886
Miyapur,2 BHK,1282.0,2.0,87.0,2,6786.271450858035
Puppalaguda,2 BHK,1495.0,2.0,79.5,2,5317.725752508361
Gajularamaram,4 Bedroom,3260.0,4.0,240.0,4,7361.963190184049
Tarnaka,4 BHK,3500.0,5.0,425.0,4,12142.857142857143
Tarnaka,3 BHK,1500.0,2.0,95.0,3,6333.333333333333
Krishna Reddy Pet,3 BHK,1540.0,3.0,50.0,3,3246.753246753247
Krishna Reddy Pet,3 BHK,1639.0,3.0,80.0,3,4881.0250152532035
Beeramguda,2 BHK,1303.0,2.0,55.79,2,4281.657712970069
Beeramguda,2 BHK,1005.0,1.0,110.0,2,10945.273631840795
Krishna Reddy Pet,1 BHK,657.5,1.0,18.41,1,2800.0
Beeramguda,3 BHK,1305.0,3.0,33.28,3,2550.191570881226
Krishna Reddy Pet,3 BHK,1440.0,2.0,68.0,3,4722.222222222223
Krishna Reddy Pet,3 BHK,1725.0,3.0,200.0,3,11594.202898550724
Attapur,3 BHK,1535.0,3.0,65.99,3,4299.022801302931
Gajularamaram,3 BHK,1464.0,3.0,56.0,3,3825.136612021858
Kondapur,2 BHK,1350.0,2.0,80.0,2,5925.925925925926
Rhoda Mistri Nagar,2 BHK,650.0,2.0,42.0,2,6461.538461538462
Miyapur,2 BHK,950.0,2.0,31.0,2,3263.157894736842
Habsiguda,2 BHK,1190.0,2.0,49.98,2,4200.0
Krishna Reddy Pet,3 BHK,1891.0,3.0,109.0,3,5764.1459545214175
Krishna Reddy Pet,2 BHK,1161.0,2.0,55.15,2,4750.215331610681
Krishna Reddy Pet,1 BHK,649.5,1.0,17.535,1,2699.7690531177827
Tarnaka,1 BHK,665.0,1.0,36.85,1,5541.353383458647
Nallakunta,2 BHK,1425.0,2.0,80.0,2,5614.035087719299
Kukatpally,2 BHK,1255.0,2.0,67.0,2,5338.645418326693
Kukatpally,3 BHK,2112.95,4.0,145.0,3,6862.443503159091
Beeramguda,3 BHK,1810.0,3.0,100.0,3,5524.861878453039
Krishna Reddy Pet,3 BHK,1400.0,2.0,40.43,3,2887.8571428571427
Narsingi,3 BHK,1485.0,2.0,67.0,3,4511.784511784512
Puppalaguda,2 BHK,1025.0,2.0,44.5,2,4341.463414634146
Miyapur,4 BHK,2268.0,3.0,163.0,4,7186.94885361552
Gajularamaram,3 BHK,1100.0,3.0,53.0,3,4818.181818181818
Gajularamaram,2 BHK,1141.0,2.0,62.0,2,5433.829973707274
Bachupally,1 BHK,400.0,1.0,12.0,1,3000.0
Cherlapalli,3 BHK,1843.0,3.0,95.84,3,5200.217037438958
Manikonda,3 BHK,1530.0,2.0,74.5,3,4869.281045751634
Gachibowli,2 BHK,1246.0,2.0,64.5,2,5176.565008025682
Kukatpally,1 BHK,711.0,1.0,38.0,1,5344.585091420535
Beeramguda,2 BHK,1194.0,2.0,46.0,2,3852.5963149078725
Beeramguda,3 BHK,1358.0,2.0,43.4,3,3195.8762886597938
Krishna Reddy Pet,2 BHK,1420.0,2.0,75.0,2,5281.69014084507
Beeramguda,2 BHK,1209.0,2.0,50.0,2,4135.6492969396195
Hitech City,3 BHK,1315.0,2.0,54.8,3,4167.300380228137
Appa Junction,3 BHK,1600.0,2.0,65.0,3,4062.5
Appa Junction,3 BHK,1563.0,3.0,52.0,3,3326.935380678183
Appa Junction,3 BHK,1560.0,2.0,72.0,3,4615.384615384615
Gachibowli,3 BHK,3235.0,3.0,235.0,3,7264.296754250387
Puppalaguda,2 BHK,1140.0,2.0,46.0,2,4035.0877192982457
Aminpur,2 BHK,1100.0,2.0,70.0,2,6363.636363636364
Moosapet,2 BHK,1036.0,2.0,50.0,2,4826.254826254826
Gajularamaram,3 BHK,1662.0,3.0,85.1,3,5120.336943441636
Aminpur,3 BHK,1464.0,2.0,105.0,3,7172.131147540984
Narsingi,2 BHK,1234.0,2.0,80.0,2,6482.982171799027
Miyapur,3 BHK,1403.0,3.0,55.0,3,3920.1710620099784
Appa Junction,4 BHK,3900.0,4.0,410.0,4,10512.820512820514
Kukatpally,2 BHK,1405.0,2.0,70.0,2,4982.20640569395
Attapur,4 BHK,2805.0,4.0,154.0,4,5490.196078431372
Puppalaguda,2 BHK,1161.0,2.0,64.08,2,5519.37984496124
Rhoda Mistri Nagar,2 BHK,1290.0,2.0,74.0,2,5736.434108527132
Uppal,3 BHK,2557.0,3.0,141.0,3,5514.274540477121
Tarnaka,3 BHK,1480.0,3.0,90.0,3,6081.081081081081
Darga Khaliz Khan,3 BHK,1350.0,3.0,54.54,3,4040.0
Appa Junction,3 BHK,1580.0,2.0,65.0,3,4113.9240506329115
Appa Junction,2 BHK,1346.0,2.0,61.92,2,4600.297176820208
Appa Junction,2 BHK,1200.0,2.0,35.0,2,2916.6666666666665
Appa Junction,3 BHK,1340.0,2.0,48.33,3,3606.716417910448
Appa Junction,2 BHK,918.0,2.0,48.0,2,5228.75816993464
Appa Junction,3 Bedroom,1500.0,3.0,115.0,3,7666.666666666667
Darga Khaliz Khan,2 BHK,1315.0,2.0,85.0,2,6463.878326996198
Kukatpally,3 BHK,1330.0,2.0,56.0,3,4210.526315789473
Miyapur,3 BHK,1824.0,3.0,125.0,3,6853.070175438596
Miyapur,3 BHK,1420.0,2.0,96.0,3,6760.56338028169
Gajularamaram,3 BHK,1260.0,2.0,60.0,3,4761.9047619047615
Gajularamaram,3 BHK,1561.0,3.0,95.0,3,6085.842408712364
Appa Junction,2 BHK,1225.0,2.0,67.38,2,5500.408163265306
Appa Junction,3 BHK,2144.0,3.0,135.0,3,6296.641791044776
Appa Junction,2 BHK,880.0,2.0,29.0,2,3295.4545454545455
Appa Junction,3 BHK,1639.0,3.0,110.0,3,6711.4093959731545
Appa Junction,3 BHK,1240.0,2.0,62.0,3,5000.0
Appa Junction,2 BHK,1243.0,2.0,46.0,2,3700.7240547063557
Darga Khaliz Khan,3 BHK,1082.0,2.0,56.0,3,5175.6007393715345
Appa Junction,3 BHK,1665.0,3.0,86.58,3,5200.0
Appa Junction,2 BHK,1265.0,2.0,56.93,2,4500.395256916996
Manikonda,3 BHK,1691.0,2.0,102.0,3,6031.933767001774
East Marredpally,2 BHK,1100.0,2.0,38.0,2,3454.5454545454545
Bollaram,4 BHK,3205.0,5.0,380.0,4,11856.474258970358
Mallampet,2 BHK,1115.0,2.0,50.0,2,4484.304932735426
Gajularamaram,2 BHK,1070.0,2.0,45.0,2,4205.607476635514
Beeramguda,2 BHK,1128.0,2.0,105.0,2,9308.510638297872
Kukatpally,2 BHK,1162.0,2.0,57.0,2,4905.335628227194
Manikonda,2 BHK,1339.0,2.0,55.0,2,4107.542942494399
Begumpet,2 BHK,1192.0,2.0,75.0,2,6291.946308724832
Kukatpally,3 BHK,1920.0,3.0,115.0,3,5989.583333333333
Hitech City,2 BHK,1255.0,2.0,52.32,2,4168.924302788844
Hitech City,2 BHK,1357.0,2.0,115.0,2,8474.57627118644
Hitech City,2 BHK,1225.0,2.0,55.11,2,4498.775510204082
Hitech City,4 Bedroom,2400.0,4.0,200.0,4,8333.333333333334
Hitech City,2 BHK,1093.0,2.0,70.0,2,6404.391582799634
Hitech City,3 BHK,1865.0,3.0,145.0,3,7774.798927613941
Hitech City,2 BHK,1039.0,2.0,80.0,2,7699.711260827719
Hitech City,2 BHK,1246.0,2.0,64.5,2,5176.565008025682
Hitech City,3 BHK,1985.0,3.0,75.0,3,3778.337531486146
Kukatpally,3 BHK,1590.0,3.0,49.0,3,3081.761006289308
Kondapur,4 Bedroom,4000.0,4.0,675.0,4,16875.0
Kondapur,2 BHK,775.0,2.0,38.0,2,4903.225806451613
Kondapur,2 BHK,1000.0,2.0,50.0,2,5000.0
Kondapur,3 BHK,1800.0,3.0,175.0,3,9722.222222222223
Kondapur,2 BHK,1035.0,2.0,41.0,2,3961.352657004831
Kondapur,3 BHK,1520.0,2.0,75.0,3,4934.210526315789
Kondapur,2 BHK,1360.0,2.0,95.0,2,6985.294117647059
Kondapur,4 Bedroom,6000.0,5.0,400.0,4,6666.666666666667
Kondapur,2 BHK,1117.0,2.0,56.0,2,5013.428827215756
Kondapur,4 Bedroom,1200.0,4.0,120.0,4,10000.0
Kondapur,2 BHK,1330.0,2.0,92.5,2,6954.887218045113
Hitex Road,3 BHK,1937.0,3.0,160.0,3,8260.196179659268
Manikonda,2 BHK,1128.0,2.0,65.49,2,5805.851063829787
Hitech City,2 BHK,1053.0,2.0,45.0,2,4273.504273504273
Hitech City,2 BHK,1198.0,2.0,77.0,2,6427.378964941569
Hitech City,2 BHK,1152.0,2.0,56.0,2,4861.111111111111
Kondapur,2 BHK,1625.0,2.0,75.0,2,4615.384615384615
Puppalaguda,3 BHK,1397.0,3.0,105.0,3,7516.1059413027915
Begumpet,3 BHK,1523.0,3.0,170.0,3,11162.179908076165
Banjara Hills,2 BHK,883.0,2.0,45.0,2,5096.262740656852
Kondapur,1 BHK,700.0,1.0,38.0,1,5428.571428571428
Kondapur,2 BHK,1170.0,2.0,62.5,2,5341.880341880342
Sanath Nagar,3 BHK,1200.0,2.0,42.0,3,3500.0
Nallagandla Gachibowli,3 BHK,1897.0,3.0,120.0,3,6325.77754348972
Balanagar,3 BHK,1875.0,3.0,110.0,3,5866.666666666667
Balanagar,3 BHK,3095.0,3.0,350.0,3,11308.562197092084
Balanagar,3 BHK,1390.0,2.0,175.0,3,12589.928057553956
Balanagar,3 BHK,1450.0,3.0,65.255,3,4500.3448275862065
Nallagandla Gachibowli,1 BHK,697.0,1.0,45.0,1,6456.241032998565
Nallagandla Gachibowli,1 BHK,710.0,1.0,27.0,1,3802.8169014084506
Nallagandla Gachibowli,2 BHK,910.0,2.0,30.5,2,3351.6483516483518
Manikonda,3 BHK,1025.0,2.0,48.0,3,4682.926829268293
Manikonda,2 BHK,1000.0,2.0,46.5,2,4650.0
Sanath Nagar,4 BHK,3335.0,5.0,300.0,4,8995.502248875562
Sanath Nagar,2 BHK,971.5,2.0,36.435,2,3750.386001029336
Sanath Nagar,2 BHK,1024.0,2.0,42.0,2,4101.5625
Nallagandla Gachibowli,3 BHK,1620.0,3.0,62.0,3,3827.1604938271603
Nallagandla Gachibowli,2 BHK,1254.0,2.0,40.0,2,3189.792663476874
Nallagandla Gachibowli,3 BHK,1300.0,2.0,75.0,3,5769.2307692307695
Nallagandla Gachibowli,3 BHK,1510.0,2.0,105.0,3,6953.64238410596
Balanagar,2 BHK,950.0,2.0,65.0,2,6842.105263157895
Balanagar,3 BHK,1945.0,3.0,97.42,3,5008.740359897172
Balanagar,2 BHK,1008.0,2.0,45.0,2,4464.285714285715
Balanagar,3 BHK,1265.0,2.0,79.0,3,6245.059288537549
Balanagar,3 BHK,1255.0,2.0,77.68,3,6189.641434262949
Nallagandla Gachibowli,4 BHK,2689.0,6.0,220.0,4,8181.480104127929
Nallagandla Gachibowli,3 BHK,1403.0,3.0,51.63,3,3679.9714896650034
Nallagandla Gachibowli,3 BHK,1535.0,3.0,85.0,3,5537.459283387622
Manikonda,3 BHK,1475.0,2.0,120.0,3,8135.593220338983
Manikonda,2 BHK,1133.0,2.0,55.0,2,4854.368932038835
Manikonda,3 BHK,1697.0,3.0,94.79,3,5585.739540365351
Manikonda,3 BHK,1560.0,3.0,188.0,3,12051.28205128205
Manikonda,3 BHK,1192.0,2.0,60.0,3,5033.557046979866
Manikonda,2 BHK,1349.0,2.0,78.0,2,5782.060785767235
Manikonda,3 BHK,1680.0,3.0,120.0,3,7142.857142857143
Manikonda,2 BHK,820.0,2.0,39.0,2,4756.09756097561
Manikonda,4 Bedroom,5000.0,4.0,400.0,4,8000.0
Manikonda,2 BHK,856.0,2.0,40.0,2,4672.897196261682
Manikonda,3 BHK,1621.0,4.0,130.0,3,8019.740900678594
Manikonda,3 BHK,1484.0,3.0,52.5,3,3537.735849056604
Manikonda,4 Bedroom,14000.0,3.0,800.0,4,5714.285714285715
Manikonda,1 BHK,500.0,1.0,20.0,1,4000.0
Boiguda,2 BHK,550.0,1.0,16.0,2,2909.090909090909
Manikonda,3 BHK,1384.0,3.0,62.28,3,4500.0
Shaikpet,2 BHK,1150.0,2.0,49.0,2,4260.869565217391
ECIL,4 BHK,2150.0,4.0,100.0,4,4651.162790697675
Nizampet,3 BHK,1508.0,3.0,70.25,3,4658.488063660478
Nizampet,2 BHK,1040.0,2.0,50.0,2,4807.692307692308
Nizampet,2 Bedroom,1240.0,2.0,60.0,2,4838.709677419355
Shaikpet,3 BHK,1535.0,3.0,78.0,3,5081.4332247557
ECIL Main Road,2 BHK,1180.0,2.0,75.0,2,6355.932203389831
Hitech City,2 BHK,1400.0,2.0,78.0,2,5571.428571428572
Narsingi,4 Bedroom,4800.0,4.0,525.0,4,10937.5
Sanath Nagar,3 BHK,1984.0,4.0,146.0,3,7358.870967741936
Manikonda,4 Bedroom,3000.0,5.0,250.0,4,8333.333333333334
Gachibowli,3 BHK,1960.0,3.0,160.0,3,8163.265306122449
Rajbhavan Road Somajiguda,2 BHK,1035.0,2.0,45.0,2,4347.826086956522
Beeramguda,3 BHK,1700.0,3.0,115.0,3,6764.705882352941
Ramachandra Puram,4 BHK,3024.0,5.0,248.0,4,8201.0582010582
Ramachandra Puram,3 BHK,1586.0,3.0,100.0,3,6305.170239596469
TellapurOsman Nagar Road,4 Bedroom,2325.0,4.0,120.0,4,5161.290322580645
Mansoorabad,2 BHK,1120.0,2.0,55.0,2,4910.714285714285
TellapurOsman Nagar Road,2 BHK,1128.0,2.0,59.0,2,5230.49645390071
Tellapur,2 BHK,924.0,2.0,65.0,2,7034.632034632034
ECIL,3 BHK,1600.0,3.0,52.0,3,3250.0
Hitech City,2 BHK,1200.0,2.0,55.0,2,4583.333333333333
Sanath Nagar,2 BHK,957.0,2.0,56.0,2,5851.619644723093
Madhapur,2 BHK,1140.0,2.0,41.0,2,3596.4912280701756
Kondapur,2 BHK,1050.0,2.0,67.0,2,6380.952380952381
Kondapur,2 BHK,1190.0,2.0,57.0,2,4789.915966386555
Gajularamaram,3 BHK,1558.67,2.0,65.0,3,4170.222048284755
Nanakramguda,3 BHK,1403.0,2.0,60.81,3,4334.283677833215
Kokapet,3 BHK,1542.0,2.0,85.0,3,5512.321660181582
Bandlaguda Jagir,4 Bedroom,2750.0,4.0,220.0,4,8000.0
Bandlaguda Jagir,4 BHK,3596.0,5.0,290.0,4,8064.5161290322585
TellapurOsman Nagar Road,3 BHK,1596.0,3.0,105.0,3,6578.9473684210525
Tellapur,2 BHK,1009.0,2.0,38.34,2,3799.8017839445
ECIL Cross Road,3 BHK,1726.0,3.0,81.99,3,4750.289687137891
Manikonda,3 BHK,1535.0,3.0,86.0,3,5602.605863192182
Shaikpet,4 Bedroom,3100.0,4.0,465.0,4,15000.0
ECIL Main Road,1 BHK,665.0,1.0,50.75,1,7631.578947368421
ECIL,2 BHK,925.0,2.0,48.0,2,5189.189189189189
Hitech City,2 BHK,1395.0,2.0,63.59,2,4558.4229390681
Hitech City,3 BHK,1415.0,2.0,55.0,3,3886.9257950530036
Hitech City,3 BHK,1419.0,2.0,59.0,3,4157.85764622974
Pragati Nagar,2 BHK,1121.0,2.0,78.0,2,6958.07314897413
TellapurOsman Nagar Road,2 BHK,1100.0,2.0,47.0,2,4272.727272727273
Tellapur,3 BHK,1606.0,3.0,89.55,3,5575.965130759651
Manikonda,3 BHK,4634.0,4.0,1015.0,3,21903.32326283988
Narsingi,2 BHK,1206.0,2.0,75.0,2,6218.905472636816
Narsingi,3 BHK,1495.0,2.0,64.0,3,4280.936454849499
Narsingi,2 BHK,710.0,2.0,16.0,2,2253.521126760563
Gandipet,3 BHK,1523.0,2.0,53.4,3,3506.2376887721603
Gandipet,2 BHK,1232.0,2.0,45.0,2,3652.5974025974024
Gandipet,1 BHK,680.0,1.0,44.0,1,6470.588235294118
Gandipet,3 BHK,1355.0,3.0,83.87,3,6189.667896678967
Gandipet,3 BHK,1430.0,2.0,51.46,3,3598.6013986013986
Kokapet,2 BHK,1070.0,2.0,56.1,2,5242.990654205608
Kokapet,3 BHK,1610.0,3.0,90.0,3,5590.062111801242
Kokapet,2 BHK,1140.0,2.0,43.0,2,3771.9298245614036
Kokapet,2 BHK,1143.0,2.0,38.65,2,3381.4523184601926
Kokapet,4 BHK,3467.86,6.0,249.0,4,7180.220654813054
Sainikpuri,3 BHK,1530.0,2.0,74.4,3,4862.745098039216
Nizampet,2 BHK,980.0,2.0,69.0,2,7040.816326530612
Tellapur,3 BHK,1485.0,3.0,65.0,3,4377.104377104377
Bandlaguda Jagir,3 Bedroom,1500.0,3.0,130.0,3,8666.666666666666
LB Nagar,2 BHK,1280.0,2.0,75.0,2,5859.375
Kondapur,2 BHK,1265.0,2.0,85.0,2,6719.367588932806
LB Nagar,2 BHK,1262.0,2.0,63.0,2,4992.076069730587
Tellapur,2 BHK,940.0,2.0,49.0,2,5212.765957446809
Pragathi Nagar Kukatpally,3 BHK,1300.0,3.0,150.0,3,11538.461538461539
Paramount Colony Toli Chowki,2 BHK,890.0,2.0,45.0,2,5056.179775280899
Pragathi Nagar Kukatpally,3 BHK,2060.0,3.0,149.0,3,7233.0097087378645
ECIL,3 BHK,1730.0,3.0,96.0,3,5549.132947976878
Pragathi Nagar Kukatpally,3 BHK,2195.0,4.0,127.0,3,5785.876993166287
Kukatpally,2 BHK,1085.0,2.0,36.0,2,3317.9723502304146
TellapurOsman Nagar Road,3 BHK,1639.0,3.0,98.32,3,5998.779743746187
muthangi,3 BHK,1739.0,3.0,116.0,3,6670.500287521564
Attapur,2 BHK,935.0,2.0,32.72,2,3499.4652406417113
Attapur,1 RK,510.0,1.0,25.25,1,4950.980392156863
Narsingi,2 BHK,1178.0,2.0,47.0,2,3989.8132427843802
Narsingi,3 BHK,1375.0,2.0,50.0,3,3636.3636363636365
Narsingi,3 BHK,1065.0,2.0,33.0,3,3098.5915492957747
Gachibowli,3 BHK,1835.0,2.0,155.0,3,8446.866485013625
Pragathi Nagar Kukatpally,4 BHK,2090.0,4.0,95.1,4,4550.239234449761
Yapral,3 BHK,1519.0,3.0,93.0,3,6122.448979591837
Narsingi,3 BHK,1267.0,3.0,56.0,3,4419.889502762431
Hitech City,2 BHK,1150.0,2.0,72.2,2,6278.260869565217
Kukatpally,2 BHK,1146.0,2.0,70.0,2,6108.202443280978
Kokapet,3 BHK,1550.0,3.0,65.0,3,4193.548387096775
Narayanguda,2 BHK,850.0,1.0,18.5,2,2176.470588235294
Bachupally Road,3 BHK,1610.0,3.0,74.0,3,4596.273291925466
Bachupally Road,2 BHK,921.0,2.0,40.0,2,4343.105320304017
TellapurOsman Nagar Road,3 BHK,1700.0,3.0,110.0,3,6470.588235294118
TellapurOsman Nagar Road,2 BHK,1020.0,2.0,35.0,2,3431.372549019608
Tellapur,2 BHK,1090.0,2.0,52.0,2,4770.642201834862
Bachupally Road,2 BHK,1185.0,2.0,42.1,2,3552.7426160337554
Hitech City,2 BHK,850.0,2.0,25.0,2,2941.176470588235
Hitech City,2 BHK,1197.0,2.0,84.0,2,7017.543859649123
Hitech City,4 BHK,3500.0,3.0,450.0,4,12857.142857142857
Serilingampally,2 BHK,1105.0,2.0,65.0,2,5882.35294117647
Serilingampally,3 BHK,1850.0,3.0,100.0,3,5405.405405405405
Serilingampally,3 BHK,1300.0,3.0,64.0,3,4923.076923076923
Serilingampally,4 BHK,3073.0,5.0,696.0,4,22648.87731858119
Serilingampally,2 BHK,900.0,2.0,46.0,2,5111.111111111111
Serilingampally,3 BHK,1654.0,3.0,100.0,3,6045.949214026602
Bachupally Road,2 BHK,1367.0,2.0,62.0,2,4535.479151426482
Serilingampally,2 BHK,1010.0,2.0,51.0,2,5049.504950495049
Serilingampally,3 BHK,1535.0,3.0,95.0,3,6188.9250814332245
Kondapur,2 BHK,1330.0,2.0,71.0,2,5338.345864661655
Kukatpally,3 Bedroom,2500.0,3.0,135.0,3,5400.0
Kukatpally,3 BHK,1410.0,3.0,65.0,3,4609.929078014185
Tellapur,3 BHK,1614.0,3.0,95.0,3,5885.9975216852545
Kondapur,2 BHK,1363.0,2.0,68.0,2,4988.994864269993
Attapur,2 BHK,930.0,2.0,45.0,2,4838.709677419355
Kukatpally,3 BHK,1890.0,4.0,127.0,3,6719.576719576719
Madhapur,3 BHK,2197.0,4.0,280.0,3,12744.651797906236
Kukatpally,3 BHK,3522.0,3.0,380.0,3,10789.324247586599
Pragathi Nagar Kukatpally,2 BHK,1440.0,2.0,98.0,2,6805.555555555556
Pragathi Nagar Kukatpally,1 BHK,764.0,1.0,32.0,1,4188.48167539267
TellapurOsman Nagar Road,3 BHK,1693.0,3.0,57.39,3,3389.84051978736
Nanakramguda,3 BHK,1445.0,3.0,65.0,3,4498.269896193771
Kokapet,2 BHK,900.0,1.0,45.0,2,5000.0
Nizampet,3 BHK,1381.0,2.0,52.48,3,3800.1448225923245
Bachupally Road,2 BHK,1100.0,2.0,60.0,2,5454.545454545455
TellapurOsman Nagar Road,2 BHK,1200.0,2.0,43.2,2,3600.0
TellapurOsman Nagar Road,2 BHK,1080.0,2.0,80.0,2,7407.407407407408
Happy Homes Colony,3 BHK,1865.0,3.0,124.0,3,6648.793565683646
Pragathi Nagar Kukatpally,3 BHK,1157.0,2.0,75.0,3,6482.281763180639
Pragathi Nagar,2 BHK,674.0,2.0,29.0,2,4302.670623145401
Kukatpally,3 BHK,1405.0,2.0,78.0,3,5551.601423487545
Kukatpally,2 BHK,1160.0,2.0,44.08,2,3800.0
Serilingampally,3 BHK,1790.0,3.0,127.0,3,7094.972067039106
Pragathi Nagar Kukatpally,2 BHK,1128.0,2.0,65.65,2,5820.035460992909
Serilingampally,2 BHK,1180.0,2.0,70.0,2,5932.203389830508
Pragathi Nagar Kukatpally,2 BHK,1125.0,2.0,40.0,2,3555.5555555555557
Kukatpally,2 BHK,1246.0,2.0,68.0,2,5457.463884430176
Yapral,2 BHK,1372.0,2.0,61.0,2,4446.064139941691
Tellapur,3 BHK,1330.0,2.0,56.0,3,4210.526315789473
Pragathi Nagar Kukatpally,3 BHK,2465.0,5.0,234.0,3,9492.90060851927
Bachupally Road,2 BHK,1065.0,2.0,35.0,2,3286.3849765258215
Serilingampally,2 BHK,687.325,2.0,42.72,2,6215.40028370858
Kondapur,2 BHK,1050.0,2.0,45.0,2,4285.714285714285
Kukatpally,2 BHK,865.0,2.0,42.0,2,4855.491329479769
Miyapur,3 BHK,1756.0,3.0,100.0,3,5694.760820045558
Serilingampally,1 BHK,628.0,1.0,24.0,1,3821.6560509554142
Kukatpally,3 BHK,1765.0,3.0,125.0,3,7082.152974504249
Karmanghat,3 BHK,1532.0,3.0,92.0,3,6005.221932114882
NRSA Colony,3 BHK,1650.0,3.0,110.0,3,6666.666666666667
Adibatla,2 BHK,804.1,2.0,69.09,2,8592.214898644446
Methodist Colony,2 BHK,1200.0,2.0,66.0,2,5500.0
Ameerpet,3 BHK,1385.0,2.0,48.48,3,3500.361010830325
Moula Ali,2 BHK,1010.0,2.0,148.0,2,14653.465346534653
Pragathi Nagar Kukatpally,3 BHK,2225.0,3.0,115.0,3,5168.539325842697
BK Guda Internal Road,2 BHK,1180.0,2.0,48.0,2,4067.7966101694915
Tellapur,1 BHK,400.0,1.0,14.0,1,3500.0
Kondapur,2 BHK,1200.0,2.0,50.0,2,4166.666666666667
Pragathi Nagar Kukatpally,2 BHK,1272.0,2.0,95.05,2,7472.4842767295595
Serilingampally,2 BHK,1205.0,2.0,39.0,2,3236.514522821577
Serilingampally,2 BHK,980.0,2.0,40.0,2,4081.6326530612246
Bachupally Road,3 BHK,1610.0,2.0,111.0,3,6894.409937888198
Bachupally Road,2 BHK,1694.0,2.0,125.0,2,7378.984651711924
Bachupally Road,2 BHK,950.0,2.0,39.0,2,4105.263157894737
ALIND Employees Colony,3 BHK,1560.0,2.0,66.0,3,4230.7692307692305
Krishna Reddy Pet,2 BHK,910.0,2.0,42.0,2,4615.384615384615
Dammaiguda,2 BHK,1291.0,2.0,49.0,2,3795.5073586367157
Serilingampally,2 BHK,1012.0,2.0,66.5,2,6571.146245059289
Padmarao Nagar,2 BHK,1282.0,2.0,72.0,2,5616.224648985959
Bachupally,3 BHK,1843.0,3.0,92.15,3,5000.0
Gajulramaram Kukatpally,5 Bedroom,3356.0,5.0,105.0,5,3128.7246722288437
Pragathi Nagar Kukatpally,4 BHK,2790.0,5.0,198.0,4,7096.774193548387
Miyapur,2 BHK,1330.0,2.0,86.98,2,6539.849624060151
Nizampet,3 BHK,1400.0,2.0,73.0,3,5214.285714285715
Gachibowli,2 BHK,1297.0,2.0,103.0,2,7941.403238242097
Gachibowli,1 BHK,615.0,1.0,17.835,1,2900.0
Gachibowli,3 BHK,1490.0,3.0,100.0,3,6711.4093959731545
Bachupally Road,3 BHK,1373.0,3.0,72.0,3,5243.991260014566
Mayuri Nagar,3 BHK,1750.0,3.0,95.0,3,5428.571428571428
Sanath Nagar,2 BHK,1052.0,2.0,50.0,2,4752.851711026616
Appa Junction Peerancheru,2 BHK,1128.0,2.0,38.24,2,3390.0709219858154
Moula Ali,2 BHK,1120.0,2.0,33.6,2,3000.0
Kukatpally,2 BHK,1090.0,2.0,32.69,2,2999.0825688073396
Kukatpally,3 BHK,1330.0,2.0,46.55,3,3500.0
Bachupally Road,3 BHK,1427.0,2.0,80.63,3,5650.31534688157
Adda Gutta,3 BHK,1580.0,3.0,75.0,3,4746.835443037975
Central Excise Colony Hyderabad,3 Bedroom,1808.0,4.0,80.27,3,4439.712389380531
Gachibowli,4 BHK,3516.0,4.0,540.0,4,15358.361774744028
Gachibowli,2 BHK,1194.0,2.0,47.0,2,3936.348408710218
Krishna Reddy Pet,2 BHK,900.0,2.0,46.0,2,5111.111111111111
LB Nagar,2 BHK,900.0,2.0,46.0,2,5111.111111111111
Gopal Nagar,3 BHK,1390.0,3.0,120.0,3,8633.093525179856
Bachupaly Road Miyapur,2 BHK,845.0,2.0,33.0,2,3905.3254437869823
ECIL Main Road,3 BHK,1537.0,3.0,120.0,3,7807.417046193884
Kushaiguda,3 BHK,1512.0,3.0,75.77,3,5011.243386243386
Kushaiguda,3 BHK,1230.0,3.0,54.0,3,4390.243902439024
Tellapur,3 BHK,1378.0,2.0,42.33,3,3071.843251088534
Hitech City,2 BHK,1277.0,2.0,61.3,2,4800.313234142522
Bachupally Road,3 BHK,1985.0,4.0,189.0,3,9521.410579345089
Kokapet,2 BHK,1210.0,2.0,62.0,2,5123.966942148761
Bachupally Road,4 BHK,3198.0,4.0,200.0,4,6253.908692933083
Barkatpura,4 BHK,2483.0,5.0,215.0,4,8658.880386629078
Kondapur,4 BHK,4111.0,4.0,310.0,4,7540.744344441741
ECIL,2 BHK,975.0,2.0,37.5,2,3846.153846153846
Nizampet,3 BHK,1690.0,3.0,125.0,3,7396.449704142012
Bachupally Road,2 BHK,1063.0,2.0,31.89,2,3000.0
Medchal,3 BHK,1600.0,3.0,80.0,3,5000.0
Gachibowli,1 BHK,520.0,1.0,19.5,1,3750.0
Pragathi Nagar Kukatpally,3 BHK,1390.0,3.0,68.0,3,4892.086330935252
Gachibowli,2 BHK,1185.0,2.0,40.0,2,3375.5274261603377
Bagh Amberpet,2 BHK,1219.0,2.0,48.0,2,3937.653814602133
Bachupally Road,3 BHK,1564.0,2.0,92.0,3,5882.35294117647
Tellapur,4 BHK,3430.0,6.0,228.5,4,6661.807580174927
BK Guda Internal Road,2 BHK,1100.0,2.0,37.1,2,3372.7272727272725
Hitech City,3 BHK,1300.0,2.0,60.0,3,4615.384615384615
Banjara Hills,3 BHK,1482.0,2.0,92.0,3,6207.827260458839
Gajularamaram,3 Bedroom,1000.0,4.0,66.0,3,6600.0
new nallakunta,3 BHK,1469.0,3.0,89.0,3,6058.543226684819
Gajularamaram,2 BHK,1205.0,2.0,78.5,2,6514.522821576764
Gajularamaram,3 BHK,1745.0,3.0,125.0,3,7163.323782234957
Gajularamaram,2 BHK,1028.0,2.0,42.0,2,4085.603112840467
BHEL,3 BHK,1700.0,3.0,180.0,3,10588.235294117647
Sun City,3 BHK,1200.0,2.0,34.0,3,2833.3333333333335
Alwal,3 BHK,2700.0,4.0,270.0,3,10000.0
Bachupally Road,2 BHK,1100.0,2.0,50.0,2,4545.454545454545
Kukatpally,2 BHK,1269.72,2.0,68.0,2,5355.511451343603
Nallakunta,2 BHK,1266.0,2.0,59.0,2,4660.347551342812
Nizampet,2 BHK,1060.0,2.0,62.0,2,5849.056603773585
Madinaguda,3 Bedroom,1168.0,3.0,70.0,3,5993.1506849315065
Kukatpally,2 BHK,1552.0,2.0,51.0,2,3286.082474226804
Kokapet,3 BHK,2038.5,3.0,120.0,3,5886.681383370125
Nanakramguda,1 BHK,500.0,1.0,17.0,1,3400.0
Kukatpally,2 BHK,1300.0,2.0,65.0,2,5000.0
Bachupally Road,2 BHK,920.0,2.0,33.0,2,3586.9565217391305
Bachupally Road,2 BHK,1310.0,2.0,50.0,2,3816.793893129771
Bachupally Road,3 BHK,1515.0,3.0,93.93,3,6200.0
Nallagandla Road,2 BHK,1157.0,2.0,53.8,2,4649.956784788245
Kokapet,4 BHK,3000.0,4.0,160.0,4,5333.333333333333
Nallagandla Gachibowli,3 BHK,1530.0,2.0,74.39,3,4862.091503267974
Kapra,3 BHK,2070.0,3.0,162.0,3,7826.086956521739
Madinaguda,3 BHK,1815.0,3.0,82.0,3,4517.906336088155
Madhapur,4 BHK,3900.0,4.0,300.0,4,7692.307692307692
Gachibowli,2 BHK,1000.0,2.0,28.88,2,2888.0
Kokapet,2 BHK,1232.0,2.0,89.0,2,7224.025974025974
Kokapet,3 BHK,1282.0,3.0,178.0,3,13884.555382215289
Kukatpally,1 BHK,654.0,1.0,38.4,1,5871.559633027523
Balanagar,3 BHK,1075.0,2.0,45.0,3,4186.046511627907
Pragathi Nagar,3 BHK,1616.0,3.0,75.0,3,4641.089108910891
Kondapur,3 BHK,1306.0,3.0,54.65,3,4184.532924961715
Ramnagar Gundu,3 BHK,1626.0,3.0,89.0,3,5473.554735547355
Nallakunta,3 BHK,1585.0,3.0,88.0,3,5552.05047318612
Gachibowli,2 BHK,1495.0,2.0,90.0,2,6020.066889632107
Attapur,4 BHK,3715.0,6.0,224.5,4,6043.06864064603
Kokapet,3 BHK,1645.0,3.0,100.0,3,6079.0273556231
Bachupally Road,3 BHK,1760.0,3.0,176.0,3,10000.0
Bachupally Road,1 BHK,595.0,1.0,42.0,1,7058.823529411765
Serilingampally,3 Bedroom,1200.0,3.0,125.0,3,10416.666666666666
Suchitra,4 BHK,4624.5,4.0,314.5,4,6800.735214617796
Alkapur township,2 BHK,1410.0,2.0,67.0,2,4751.77304964539
Nallagandla Gachibowli,2 BHK,1300.0,2.0,60.0,2,4615.384615384615
Banjara Hills Road Number 12,3 BHK,1890.0,2.0,85.0,3,4497.354497354498
Narsingi,2 BHK,1254.0,2.0,53.0,2,4226.475279106858
Kukatpally,2 BHK,1170.0,2.0,86.0,2,7350.427350427351
Kukatpally,2 BHK,1193.0,2.0,86.0,2,7208.717518860017
Kukatpally,3 BHK,1678.0,3.0,70.0,3,4171.6328963051255
Suchitra,3 BHK,1600.0,3.0,75.0,3,4687.5
ECIL Main Road,3 BHK,1750.0,3.0,84.0,3,4800.0
Chandanagar,3 BHK,2800.0,2.0,200.0,3,7142.857142857143
Nagole,2 BHK,1000.0,2.0,50.0,2,5000.0
Pragathi Nagar Kukatpally,3 BHK,1320.0,2.0,38.13,3,2888.636363636364
Serilingampally,4 BHK,2422.0,4.0,160.0,4,6606.110652353427
Kukatpally,2 BHK,1100.0,2.0,50.0,2,4545.454545454545
Kukatpally,2 BHK,882.0,2.0,30.0,2,3401.360544217687
Kondapur,2 BHK,845.0,2.0,37.0,2,4378.698224852071
Kondapur,2 BHK,883.0,2.0,39.0,2,4416.761041902605
Gajularamaram,3 BHK,1595.0,3.0,88.0,3,5517.241379310345
Gachibowli,2 BHK,1280.0,2.0,85.0,2,6640.625
Manikonda,2 BHK,920.0,2.0,35.0,2,3804.3478260869565
Kukatpally,2 BHK,1300.0,2.0,57.0,2,4384.615384615385
Kukatpally,2 BHK,1450.0,1.0,230.0,2,15862.068965517241
Kukatpally,3 BHK,1757.0,3.0,132.0,3,7512.805919180421
Sun City,2 BHK,1330.0,2.0,93.36,2,7019.548872180451
Gachibowli,2 BHK,1062.0,2.0,42.47,2,3999.0583804143125
Kukatpally,2 BHK,1078.0,2.0,45.0,2,4174.397031539888
Kukatpally,3 BHK,1460.0,2.0,72.0,3,4931.506849315068
Chandanagar,4 Bedroom,2028.0,4.0,162.0,4,7988.165680473373
Serilingampally,2 BHK,980.0,2.0,45.47,2,4639.7959183673465
Manikonda,2 BHK,1000.0,2.0,40.0,2,4000.0
Kokapet,2 BHK,1050.0,2.0,62.0,2,5904.761904761905
Nanakramguda,3 BHK,1875.0,2.0,150.0,3,8000.0
Kokapet,3 BHK,1725.0,2.0,100.0,3,5797.101449275362
Jubilee Hills,2 BHK,1128.0,2.0,75.0,2,6648.936170212766
Kokapet,3 BHK,1705.0,3.0,74.16,3,4349.560117302053
Bachupally Road,2 BHK,1100.0,2.0,50.0,2,4545.454545454545
New Maruthi Nagar,2 BHK,812.0,2.0,55.0,2,6773.399014778325
Kondapur,2 BHK,1420.0,2.0,136.0,2,9577.464788732394
Bachupally Road,3 BHK,2800.0,3.0,330.0,3,11785.714285714286
Bachupally Road,3 BHK,1650.0,3.0,175.0,3,10606.060606060606
Bachupally Road,2 BHK,840.0,2.0,27.0,2,3214.285714285714
Bachupally Road,2 BHK,914.0,2.0,47.0,2,5142.231947483589
Bachupally Road,3 BHK,1482.0,2.0,83.73,3,5649.797570850203
Bachupally Road,3 BHK,1724.0,3.0,127.0,3,7366.589327146172
Bachupally Road,3 BHK,1670.0,3.0,91.86,3,5500.5988023952095
Bandlaguda Jagir,2 BHK,927.0,2.0,55.0,2,5933.117583603021
Nanakramguda,3 BHK,1220.0,3.0,35.23,3,2887.7049180327863
Hitech City,3 BHK,1360.0,2.0,75.0,3,5514.705882352941
Suchitra,2 BHK,1180.0,2.0,72.0,2,6101.6949152542375
Kondapur,3 BHK,1697.0,3.0,108.0,3,6364.172068355922
Kondapur,2 BHK,1225.0,2.0,57.0,2,4653.061224489796
Kokapet,3 BHK,1690.0,2.0,55.0,3,3254.437869822485
Kokapet,3 BHK,1250.0,2.0,80.0,3,6400.0
Kokapet,1 BHK,1050.0,1.0,44.0,1,4190.476190476191
Kokapet,3 BHK,1699.0,3.0,81.94,3,4822.836962919364
Kokapet,2 BHK,1205.0,2.0,58.0,2,4813.278008298756
Kokapet,3 BHK,1476.0,3.0,120.0,3,8130.081300813008
Kokapet,3 BHK,2160.0,4.0,172.0,3,7962.962962962963
Kokapet,2 BHK,1296.0,2.0,75.0,2,5787.037037037037
Gachibowli,3 BHK,1570.0,3.0,64.5,3,4108.28025477707
Gachibowli,2 BHK,1300.0,2.0,110.0,2,8461.538461538461
Madhavaram Nagar Colony,2 BHK,770.0,1.0,40.0,2,5194.805194805195
Kokapet,3 BHK,1429.0,3.0,86.0,3,6018.194541637508
Nanakramguda,2 BHK,1035.0,2.0,41.73,2,4031.884057971014
Pragathi Nagar Road,1 BHK,884.0,2.0,36.0,1,4072.398190045249
Gachibowli,2 BHK,1026.0,2.0,60.87,2,5932.748538011696
Nallagandla Gachibowli,4 BHK,2690.0,4.0,191.0,4,7100.371747211896
Kokapeta Village,2 BHK,975.0,2.0,58.0,2,5948.717948717948
Hitech City,3 BHK,1700.0,3.0,135.0,3,7941.176470588235
Alwal,4 BHK,3606.0,4.0,312.0,4,8652.246256239601
Somajiguda,2 BHK,1258.0,2.0,115.0,2,9141.494435612083
Nanakramguda,4 BHK,3630.0,6.0,195.0,4,5371.900826446281
Kondapur,3 BHK,2000.0,3.0,250.0,3,12500.0
Nanakramguda,4 BHK,2790.0,4.0,198.0,4,7096.774193548387
Nanakramguda,3 BHK,1494.0,2.0,94.55,3,6328.647925033467
Bachupally,3 BHK,1482.0,2.0,87.0,3,5870.4453441295545
Nanakramguda,2 BHK,800.0,2.0,50.0,2,6250.0
Kondapur,2 BHK,1100.0,2.0,71.5,2,6500.0
Kondapur,2 BHK,1225.0,2.0,150.0,2,12244.897959183674
HMT Hills,2 BHK,1180.0,2.0,50.0,2,4237.28813559322
Gajularamaram,2 BHK,1260.0,2.0,58.0,2,4603.174603174603
Hitech City,2 BHK,1190.0,2.0,55.0,2,4621.848739495798
Toli Chowki,3 BHK,1691.0,3.0,119.0,3,7037.25606150207
Kokapet,2 BHK,1250.0,2.0,65.0,2,5200.0
Madhapur,2 BHK,800.0,2.0,28.0,2,3500.0
Gachibowli,2 BHK,1020.0,2.0,58.0,2,5686.274509803921
Pragathi Nagar Kukatpally,3 BHK,1510.0,2.0,75.0,3,4966.887417218543
Banjara Hills,3 BHK,1614.0,3.0,110.0,3,6815.365551425031
Nallagandla Gachibowli,4 Bedroom,1632.0,3.0,145.0,4,8884.803921568628
Central Excise Colony Hyderabad,4 BHK,3012.0,6.0,250.0,4,8300.132802124834
Madinaguda,3 BHK,1450.0,2.0,135.0,3,9310.344827586207
Somajiguda,2 BHK,1200.0,2.0,75.0,2,6250.0
Beeramguda,3 BHK,1508.0,2.0,110.0,3,7294.429708222811
Himayat Nagar,2 BHK,1188.0,2.0,73.0,2,6144.781144781145
Bowenpally,4 BHK,2690.0,4.0,199.0,4,7397.769516728625
Kondapur,2 BHK,1174.0,2.0,76.0,2,6473.594548551959
Ashok Nagar,3 BHK,1350.0,3.0,58.99,3,4369.62962962963
Ashok Nagar,3 BHK,1870.0,3.0,185.0,3,9893.048128342247
Nanakramguda,2 BHK,1072.0,2.0,25.0,2,2332.089552238806
Barkatpura,2 BHK,726.0,2.0,31.0,2,4269.972451790633
Madhapur,2 BHK,1345.0,2.0,106.0,2,7881.0408921933085
Madinaguda,2 BHK,1200.0,2.0,45.0,2,3750.0
Isnapur,2 BHK,1050.0,2.0,77.0,2,7333.333333333333
Kukatpally,3 BHK,1743.0,3.0,85.0,3,4876.649454962708
D D Colony,2 BHK,950.0,2.0,32.5,2,3421.0526315789475
DD Colony,1 BHK,640.0,1.0,55.0,1,8593.75
Nanakramguda,2 BHK,972.0,2.0,44.0,2,4526.748971193416
Miyapur,3 BHK,1840.0,3.0,98.0,3,5326.086956521739
Ramnagar Gundu,2 BHK,1128.0,2.0,64.0,2,5673.758865248227
Patancheru,2 Bedroom,2400.0,2.0,95.0,2,3958.3333333333335
Serilingampally,2 BHK,1150.0,2.0,63.0,2,5478.260869565217
Kondapur,4 Bedroom,3450.0,4.0,294.0,4,8521.739130434782
Nanakramguda,2 BHK,920.0,2.0,46.0,2,5000.0
Pragathi Nagar,3 BHK,1564.0,3.0,101.0,3,6457.800511508952
Ashok Nagar,2 BHK,1045.0,2.0,45.0,2,4306.2200956937795
Kondapur,3 BHK,2479.13,3.0,215.0,3,8672.39717158842
Hitech City,3 BHK,1846.0,3.0,140.0,3,7583.965330444204
Kukatpally,4 Bedroom,3042.0,4.0,131.0,4,4306.37738330046
Kukatpally,3 BHK,1640.0,3.0,223.0,3,13597.560975609756
Kukatpally,2 BHK,1068.0,2.0,40.05,2,3749.9999999999995
Kukatpally,2 BHK,1135.0,2.0,58.0,2,5110.132158590309
Bachupally,2 BHK,1150.0,2.0,42.0,2,3652.1739130434785
Chandanagar,3 BHK,1354.0,3.0,90.0,3,6646.971935007386
Kukatpally,4 Bedroom,1320.0,2.0,110.0,4,8333.333333333334
Adibatla,4 Bedroom,3500.0,6.0,225.0,4,6428.571428571428
Banjara Hills,2 BHK,1000.0,2.0,36.0,2,3600.0
Banjara Hills,3 BHK,1130.0,3.0,38.0,3,3362.83185840708
Nanakramguda,3 BHK,2204.0,2.0,305.0,3,13838.47549909256
Manikonda,3 BHK,1745.0,3.0,104.0,3,5959.885386819485
Manikonda,3 BHK,1550.0,2.0,70.0,3,4516.129032258064
Gachibowli,3 BHK,1329.0,2.0,45.95,3,3457.486832204665
Gachibowli,2 BHK,916.0,2.0,42.0,2,4585.152838427947
Patancheru,1 BHK,688.0,1.0,50.0,1,7267.441860465116
Patancheru,3 BHK,1358.0,3.0,50.0,3,3681.8851251840942
DD Colony,2 BHK,1331.0,2.0,107.0,2,8039.068369646882
Kukatpally,1 BHK,686.0,1.0,62.5,1,9110.787172011662
Pragathi Nagar Kukatpally,2 BHK,1050.0,2.0,50.0,2,4761.9047619047615
Pragathi Nagar Kukatpally,3 BHK,2106.0,3.0,126.0,3,5982.9059829059825
Pragathi Nagar Kukatpally,3 BHK,1718.0,3.0,90.2,3,5250.291036088475
Pragathi Nagar Kukatpally,3 BHK,1530.0,3.0,57.0,3,3725.4901960784314
Pragathi Nagar Kukatpally,2 BHK,1075.0,2.0,52.0,2,4837.209302325581
Pragathi Nagar Kukatpally,3 BHK,1936.0,2.0,54.21,3,2800.103305785124
Pragathi Nagar Kukatpally,4 BHK,2172.65,3.0,120.0,4,5523.208984419948
Pragathi Nagar Kukatpally,2 BHK,1117.0,2.0,29.99,2,2684.870188003581
Pragathi Nagar Kukatpally,3 BHK,1685.0,2.0,110.0,3,6528.189910979228
Pragathi Nagar Kukatpally,2 BHK,740.0,2.0,37.0,2,5000.0
Pragathi Nagar Kukatpally,3 BHK,1800.0,3.0,115.0,3,6388.888888888889
Pragathi Nagar Kukatpally,3 BHK,1700.0,3.0,130.0,3,7647.058823529412
Sanath Nagar,2 BHK,850.0,2.0,37.93,2,4462.35294117647
Patancheru,3 BHK,1891.0,3.0,139.0,3,7350.608143839238
Sri Nagar Colony,2 BHK,1400.0,1.0,80.0,2,5714.285714285715
Tellapur,2 BHK,896.0,2.0,43.75,2,4882.8125
Nanakramguda,2 BHK,1180.0,2.0,65.0,2,5508.474576271186
Beeramguda Road,2 BHK,850.0,2.0,33.0,2,3882.3529411764707
Patancheru,3 BHK,1699.0,3.0,97.0,3,5709.240729841083
Pati,4 BHK,2025.0,4.0,109.0,4,5382.716049382716
Kondapur,1 BHK,500.0,1.0,20.0,1,4000.0
Jubilee Hills,3 BHK,2475.0,4.0,332.0,3,13414.141414141413
Hitech City,2 BHK,1455.0,2.0,145.0,2,9965.635738831616
Madhapur,3 BHK,1521.0,3.0,94.99,3,6245.233399079553
Bachupally Road,3 BHK,3155.0,4.0,370.0,3,11727.41679873217
Patancheru,3 BHK,1765.0,3.0,105.0,3,5949.008498583569
Karimnagar,3 BHK,1980.0,3.0,88.0,3,4444.444444444444
Miyapur,2 BHK,1265.0,2.0,70.0,2,5533.596837944664
Miyapur,2 BHK,1034.0,2.0,40.0,2,3868.4719535783365
Miyapur,2 BHK,1070.0,2.0,54.0,2,5046.728971962617
Nagole,3 BHK,2045.0,4.0,154.0,3,7530.562347188264
Kollur Road,3 BHK,1490.0,2.0,98.0,3,6577.181208053691
Sun City Padmasri Estates,1 BHK,671.0,1.0,36.85,1,5491.803278688524
Chaitanyapuri,2 BHK,1156.0,2.0,32.0,2,2768.166089965398
Chaitanyapuri,3 BHK,2017.0,3.0,125.0,3,6197.322756569162
Chaitanyapuri,4 BHK,3122.0,6.0,235.0,4,7527.226137091608
Chaitanyapuri,3 BHK,1635.0,3.0,62.0,3,3792.0489296636088
Pragathi Nagar Kukatpally,2 BHK,1296.0,2.0,89.0,2,6867.283950617284
Chandanagar,2 BHK,1139.0,2.0,62.0,2,5443.371378402107
Miyapur,2 BHK,1245.0,2.0,86.28,2,6930.120481927711
Miyapur,4 BHK,3951.0,4.0,220.0,4,5568.2105796001015
Kondapur,2 BHK,550.0,1.0,15.0,2,2727.2727272727275
Kokapet,1 BHK,360.0,1.0,26.0,1,7222.222222222223
Nandagiri Hills,3 BHK,1670.0,3.0,120.0,3,7185.62874251497
Nandagiri Hills,3 BHK,1050.0,2.0,57.0,3,5428.571428571428
Sri Nagar Colony,3 BHK,1210.0,2.0,58.0,3,4793.388429752066
Somajiguda,2 BHK,1140.0,2.0,43.0,2,3771.9298245614036
Balanagar,3 BHK,1343.0,2.0,56.41,3,4200.297840655249
Jubilee Hills,2 BHK,925.0,2.0,51.0,2,5513.513513513513
Kokapet,3 BHK,1420.0,2.0,75.0,3,5281.69014084507
Kismatpur,2 BHK,1415.0,2.0,110.0,2,7773.851590106007
Patancheru,2 BHK,1210.0,2.0,60.0,2,4958.677685950413
Patancheru,3 BHK,1852.0,3.0,160.0,3,8639.308855291576
Pati,3 BHK,1250.0,3.0,50.0,3,4000.0
Patancheru,2 BHK,1100.0,2.0,65.0,2,5909.090909090909
Pati,2 BHK,1100.0,2.0,53.35,2,4850.0
Pati,2 Bedroom,1350.0,1.0,100.0,2,7407.407407407408
Patancheru,3 BHK,1546.0,3.0,99.0,3,6403.622250970246
Pati,2 BHK,1424.0,2.0,90.0,2,6320.224719101124
Pati,3 BHK,1398.0,3.0,68.0,3,4864.0915593705295
Patancheru,3 BHK,1650.0,3.0,200.0,3,12121.212121212122
Pati,3 BHK,1476.0,3.0,105.0,3,7113.821138211382
Pati,3 BHK,1322.0,2.0,58.82,3,4449.3192133131615
Kondapur,3 BHK,1285.0,2.0,68.0,3,5291.828793774319
KPHB,2 BHK,1150.0,2.0,80.0,2,6956.521739130435
Vivekananda Nagar Colony,3 BHK,1430.0,2.0,56.0,3,3916.083916083916
Banjara Hills,2 BHK,1185.0,2.0,65.0,2,5485.232067510548
Gachibowli,3 BHK,1760.0,3.0,67.0,3,3806.818181818182
Jubilee Hills,2 BHK,1297.0,2.0,105.0,2,8095.605242868157
LB Nagar,3 BHK,1840.0,3.0,155.0,3,8423.91304347826
Adibatla,2 BHK,950.0,2.0,52.0,2,5473.684210526316
Miyapur,2 BHK,1277.5,2.0,95.815,2,7500.1956947162425
Kollur Road,3 BHK,1571.0,3.0,89.0,3,5665.1814131126675
Kollur Road,2 BHK,1031.0,2.0,55.0,2,5334.62657613967
Kollur Road,2 BHK,1485.0,2.0,90.0,2,6060.606060606061
Kollur Road,2 BHK,1109.0,2.0,60.0,2,5410.279531109108
Kollur,1 BHK,950.0,1.0,50.0,1,5263.1578947368425
Kollur Road,2 BHK,1161.0,2.0,55.15,2,4750.215331610681
Kondapur,2 BHK,1003.0,2.0,40.6,2,4047.8564307078764
Dammaiguda,2 BHK,1255.0,2.0,73.0,2,5816.733067729084
Hyder Nagar,3 BHK,1875.0,3.0,167.0,3,8906.666666666666
Begumpet,3 BHK,1330.0,2.0,47.0,3,3533.8345864661655
Ashok Nagar,4 BHK,2519.0,5.0,185.0,4,7344.184200079397
Shaikpet,4 Bedroom,1450.0,3.0,132.0,4,9103.448275862069
Moti Nagar,3 BHK,1837.0,3.0,145.0,3,7893.304300489929
Hitech City,2 BHK,1238.0,2.0,55.0,2,4442.64943457189
Sanath Nagar,3 BHK,1405.0,2.0,59.01,3,4200.0
Kollur Road,3 BHK,1673.0,3.0,115.0,3,6873.879258816497
Kollur Road,2 BHK,1112.0,2.0,40.0,2,3597.122302158273
Kondapur,2 BHK,545.0,1.0,27.0,2,4954.128440366972
Adibatla,2 BHK,985.0,2.0,58.0,2,5888.324873096447
Kukatpally,1 BHK,825.0,1.0,36.29,1,4398.787878787879
Boduppal,2 BHK,1430.0,2.0,97.52,2,6819.580419580419
AS Rao Nagar,2 BHK,1050.0,2.0,43.0,2,4095.2380952380954
Sainikpuri,3 BHK,1533.0,3.0,115.0,3,7501.630789302022
Shaikpet,3 BHK,1750.0,3.0,150.0,3,8571.42857142857
Serilingampally,2 BHK,1352.0,2.0,87.5,2,6471.89349112426
Jubilee Hills,3 BHK,1754.0,3.0,125.0,3,7126.567844925884
Adibatla,3 BHK,1560.0,3.0,85.0,3,5448.717948717948
Adibatla,4 BHK,3012.0,6.0,268.0,4,8897.742363877822
Adibatla,3 BHK,1470.0,2.0,90.0,3,6122.448979591837
Usman Nagar,2 BHK,1035.0,2.0,45.0,2,4347.826086956522
Shadnagar,2 BHK,1100.0,2.0,52.0,2,4727.272727272727
Shadnagar,1 BHK,595.0,1.0,31.83,1,5349.579831932773
Kondapur,3 BHK,1650.0,3.0,110.0,3,6666.666666666667
Adibatla,2 BHK,1235.0,2.0,46.8,2,3789.4736842105262
Uppal,3 BHK,1400.0,3.0,115.0,3,8214.285714285714
Uppal,3 BHK,1375.0,2.0,85.0,3,6181.818181818182
Jubilee Hills,2 BHK,1065.0,2.0,40.84,2,3834.7417840375592
Narsingi,1 BHK,825.0,1.0,45.0,1,5454.545454545455
Chikkadapally,3 BHK,1440.0,2.0,60.33,3,4189.583333333333
Begumpet,2 BHK,870.0,2.0,39.5,2,4540.229885057472
Begumpet,2 BHK,1195.0,2.0,84.0,2,7029.28870292887
Gachibowli,3 BHK,1530.0,3.0,61.2,3,4000.0
Narsingi,2 BHK,975.0,2.0,43.0,2,4410.25641025641
Kollur Road,3 BHK,1920.0,3.0,130.0,3,6770.833333333333
Gachibowli,2 BHK,1183.0,2.0,58.56,2,4950.126796280642
Hitech City,3 BHK,1550.0,2.0,65.0,3,4193.548387096775
Madhapur,2 BHK,1110.0,2.0,53.0,2,4774.774774774774
Miyapur,2 BHK,1105.0,2.0,38.67,2,3499.547511312217
Kondapur,4 BHK,3067.0,4.0,230.0,4,7499.184871209651
Shaikpet,3 BHK,1929.0,4.0,103.0,3,5339.554173146708
Domalguda,3 BHK,1525.0,3.0,100.0,3,6557.377049180328
Domalguda,3 BHK,1775.0,3.0,110.0,3,6197.183098591549
Lingampalli,2 BHK,1125.0,2.0,63.0,2,5600.0
Kondapur,2 BHK,1268.0,2.0,73.0,2,5757.097791798107
Narsingi,3 BHK,1500.0,3.0,88.0,3,5866.666666666667
Allwyn Colony,1 BHK,630.0,1.0,47.0,1,7460.31746031746
Lingampalli,3 BHK,1525.0,3.0,65.0,3,4262.295081967213
Jubilee Hills,2 BHK,1060.0,2.0,48.0,2,4528.301886792453
Kukatpally,3 BHK,1687.0,3.0,127.0,3,7528.156490812093
Kukatpally,3 BHK,1847.0,3.0,123.0,3,6659.447753113156
Kukatpally,3 BHK,1410.0,2.0,53.0,3,3758.8652482269504
Kukatpally,2 BHK,1075.0,2.0,42.99,2,3999.0697674418607
Manikonda,2 BHK,1010.0,2.0,46.0,2,4554.455445544554
Boduppal,3 BHK,1875.0,3.0,110.0,3,5866.666666666667
Whisper Valley,2 BHK,983.0,2.0,50.6,2,5147.5076297049845
Whisper Valley,2 BHK,1140.0,2.0,76.0,2,6666.666666666667
Whisper Valley,2 BHK,1215.0,2.0,110.0,2,9053.497942386832
Tukkuguda Airport View Point Road,3 BHK,2039.0,3.0,168.0,3,8239.333006375675
Begumpet,3 BHK,1350.0,3.0,55.5,3,4111.111111111111
Begumpet,3 BHK,1128.76,3.0,47.405,3,4199.741309047096
Gachibowli,2 BHK,921.0,2.0,34.0,2,3691.6395222584147
Uppal Kalan,2 BHK,1010.0,2.0,49.27,2,4878.217821782178
Manikonda,2 BHK,1015.0,2.0,43.0,2,4236.453201970443
LB Nagar,2 BHK,1179.0,2.0,75.0,2,6361.323155216285
Balanagar,2 BHK,870.0,2.0,24.0,2,2758.6206896551726
Kukatpally,3 BHK,2475.0,4.0,320.0,3,12929.29292929293
Kukatpally,2 BHK,1000.0,1.0,55.0,2,5500.0
Kondapur,2 Bedroom,1200.0,2.0,66.0,2,5500.0
KPHB,2 BHK,1255.0,2.0,57.5,2,4581.673306772908
KPHB,2 BHK,1085.0,2.0,30.38,2,2800.0
Aminpur,3 BHK,1934.0,3.0,150.0,3,7755.946225439504
Bachupally,2 BHK,1200.0,2.0,49.5,2,4125.0
Miyapur,6 BHK,3600.0,6.0,120.0,6,3333.3333333333335
Chandanagar,2 BHK,935.0,2.0,45.0,2,4812.834224598931
Patancheru,2 BHK,877.0,2.0,30.0,2,3420.752565564424
Shankarpalli,2 BHK,936.0,2.0,42.0,2,4487.179487179487
Narsingi,2 BHK,1232.0,2.0,69.61,2,5650.162337662337
Narsingi,3 BHK,2225.0,4.0,169.0,3,7595.505617977528
Aminpur,3 BHK,1901.0,3.0,119.0,3,6259.863229879011
Miyapur,3 BHK,1819.0,3.0,100.0,3,5497.526113249038
Hitech City,4 BHK,3715.0,6.0,200.5,4,5397.039030955585
Madhapur,4 BHK,5000.0,4.0,290.0,4,5800.0
Bolarum,3 BHK,1845.0,4.0,110.0,3,5962.059620596206
Begumpet,2 BHK,1140.0,2.0,46.0,2,4035.0877192982457
Madhapur,3 BHK,2254.0,3.0,170.0,3,7542.147293700089
Manikonda,3 BHK,1750.0,3.0,150.0,3,8571.42857142857
Tarnaka,2 BHK,1020.0,2.0,37.0,2,3627.450980392157
Manikonda,3 BHK,1893.0,3.0,140.0,3,7395.66825145272
Banjara Hills,3 BHK,3025.0,3.0,500.0,3,16528.92561983471
Himayat Nagar,3 BHK,1075.0,2.0,90.0,3,8372.093023255815
Madhapur,2 BHK,1200.0,2.0,78.0,2,6500.0
Kukatpally,2 BHK,1233.0,2.0,77.65,2,6297.6480129764805
Nanakramguda,2 BHK,1255.0,2.0,65.26,2,5200.000000000001
Kollur,3 BHK,1525.0,2.0,60.0,3,3934.4262295081967
Kukatpally,3 BHK,1240.0,2.0,84.0,3,6774.193548387097
Hitech City,3 BHK,1245.0,2.0,68.0,3,5461.847389558233
Nanakramguda,2 BHK,1104.0,2.0,36.43,2,3299.81884057971
Nanakramguda,3 BHK,1075.0,2.0,35.99,3,3347.906976744186
Safilguda,2 BHK,1155.0,2.0,60.0,2,5194.805194805195
Nizampet,2 BHK,1520.0,2.0,62.0,2,4078.9473684210525
Bachupally,4 BHK,3122.0,6.0,245.0,4,7847.533632286995
Gachibowli,2 BHK,1290.0,2.0,85.0,2,6589.147286821705
Banjara Hills,2 BHK,900.0,2.0,95.0,2,10555.555555555555
Trimalgherry,2 BHK,987.0,2.0,49.0,2,4964.5390070921985
Manikonda,3 BHK,1720.0,3.0,100.0,3,5813.953488372093
Trimalgherry,2 BHK,1040.0,2.0,50.0,2,4807.692307692308
Old Bowenpally,2 BHK,1030.0,2.0,50.0,2,4854.368932038835
West Marredpally,3 BHK,2556.0,3.0,133.0,3,5203.442879499217
Neredmet,3 BHK,1850.0,3.0,168.0,3,9081.081081081082
Kothaguda,2 BHK,1270.0,2.0,83.0,2,6535.433070866142
Gopanpally,2 BHK,1050.0,2.0,85.0,2,8095.238095238095
Alkapur township,2 BHK,946.0,2.0,38.0,2,4016.913319238901
Kothaguda,3 BHK,1726.0,3.0,145.0,3,8400.92699884125
Begumpet,3 BHK,2121.0,4.0,253.0,3,11928.335690711929
Hitech City,2 BHK,1404.0,2.0,75.0,2,5341.880341880342
Hitech City,2 BHK,1025.0,2.0,57.0,2,5560.975609756098
Malkajgiri,4 Bedroom,4800.0,5.0,629.0,4,13104.166666666666
Kowkur,2 BHK,1040.0,2.0,46.0,2,4423.076923076923
East Marredpally,2 BHK,1310.0,2.0,80.0,2,6106.8702290076335
Gachibowli,3 BHK,1788.0,3.0,98.34,3,5500.0
West Marredpally,2 BHK,1144.0,2.0,38.55,2,3369.7552447552443
Patancheru Shankarpalli Road,3 BHK,1646.0,3.0,79.5,3,4829.890643985419
Patancheru Shankarpalli Road,4 BHK,4395.0,4.0,242.0,4,5506.257110352673
Banjara Hills,3 BHK,1995.0,3.0,135.0,3,6766.917293233083
Uppalguda,2 BHK,1085.0,2.0,47.74,2,4400.0
Begumpet,2 BHK,1139.0,2.0,56.8,2,4986.830553116769
Begumpet,3 BHK,1767.0,3.0,98.0,3,5546.1233729485
Nanakramguda,3 BHK,1692.0,3.0,88.0,3,5200.945626477542
Nallagandla Gachibowli,3 BHK,1345.0,2.0,57.0,3,4237.918215613383
Puppalaguda,2 BHK,1100.0,2.0,60.0,2,5454.545454545455
Gachibowli,3 BHK,1408.0,3.0,62.0,3,4403.409090909091
Bachupally,3 BHK,2072.0,4.0,150.0,3,7239.382239382239
Nizampet,2 BHK,1420.0,2.0,158.0,2,11126.760563380281
Kukatpally,2 BHK,1063.0,2.0,31.9,2,3000.9407337723424
Miyapur,3 BHK,1430.0,2.0,56.0,3,3916.083916083916
Manikonda,3 BHK,1760.0,3.0,145.0,3,8238.636363636364
Puppalaguda,3 BHK,2010.0,3.0,92.0,3,4577.114427860696
Aushapur,3 BHK,1480.0,2.0,64.23,3,4339.864864864865
Miyapur,4 BHK,4850.0,6.0,385.0,4,7938.144329896907
Nizampet,2 BHK,1100.0,2.0,52.0,2,4727.272727272727
Boduppal,3 BHK,1752.12,3.0,116.0,3,6620.551103805676
East Marredpally,1 BHK,790.5,1.0,41.9,1,5300.44275774826
Suchitra,3 BHK,1942.0,3.0,102.0,3,5252.317198764161
Old Alwal,2 BHK,1000.0,2.0,53.0,2,5300.0
Secunderabad Railway Station Road,1 BHK,668.0,1.0,36.85,1,5516.4670658682635
KPHB,3 BHK,1800.0,3.0,90.0,3,5000.0
Balapur,2 BHK,1036.0,2.0,39.35,2,3798.262548262548
Karmanghat,3 BHK,1583.0,3.0,105.0,3,6632.975363234365
new nallakunta,2 BHK,1100.0,2.0,65.0,2,5909.090909090909
Hitech City,2 BHK,1246.0,2.0,65.0,2,5216.69341894061
Yapral,2 BHK,850.0,2.0,28.0,2,3294.1176470588234
Yapral,2 BHK,1196.0,2.0,51.51,2,4306.8561872909695
Kokapet,3 BHK,1697.0,3.0,114.0,3,6717.737183264585
Puppalaguda,4 Bedroom,3750.0,6.0,290.0,4,7733.333333333333
Puppalaguda,2 BHK,1022.0,2.0,52.0,2,5088.062622309198
Puppalaguda,2 BHK,1018.0,2.0,23.45,2,2303.5363457760313
Puppalaguda,2 BHK,1322.0,2.0,68.0,2,5143.721633888048
Puppalaguda,4 Bedroom,1800.0,4.0,145.0,4,8055.555555555556
Puppalaguda,3 BHK,2400.0,3.0,260.0,3,10833.333333333334
Hitech City,3 BHK,1635.0,2.0,85.0,3,5198.7767584097855
Hitech City,4 BHK,3526.0,4.0,558.0,4,15825.2977878616
Miyapur,3 BHK,2770.0,3.0,460.0,3,16606.49819494585
chandrayangutta,4 BHK,3035.0,5.0,200.0,4,6589.785831960461
Jubilee Hills,3 BHK,1533.0,3.0,85.0,3,5544.683626875408
Kollur Road,3 BHK,1720.0,3.0,134.0,3,7790.697674418605
Kompally,2 BHK,1185.0,2.0,75.84,2,6400.0
Kukatpally,1 BHK,395.0,1.0,10.25,1,2594.9367088607596
Kukatpally,2 BHK,1031.0,2.0,56.35,2,5465.56741028128
Nizampet,4 BHK,2650.0,4.0,240.0,4,9056.603773584906
Chandanagar,3 BHK,1330.0,2.0,46.55,3,3500.0
Miyapur,2 BHK,1259.0,2.0,57.0,2,4527.4027005559965
Miyapur,3 BHK,1570.0,3.0,88.0,3,5605.095541401274
Manikonda,3 BHK,1075.0,2.0,36.0,3,3348.8372093023254
Chandanagar,2 BHK,1216.0,2.0,79.0,2,6496.710526315789
Madhapur,3 BHK,1428.0,2.0,66.0,3,4621.848739495798
Beeramguda,3 BHK,1475.0,3.0,70.0,3,4745.762711864407
Beeramguda,3 BHK,1804.0,3.0,102.0,3,5654.10199556541
Kollur Road,2 BHK,1260.0,2.0,46.62,2,3700.0
Nallagandla Gachibowli,3 BHK,2160.0,3.0,160.0,3,7407.407407407408
Kondapur,2 BHK,1300.0,2.0,65.0,2,5000.0
Kondapur,1 BHK,605.0,1.0,29.0,1,4793.388429752066
Kondapur,2 BHK,1444.0,2.0,75.97,2,5261.0803324099725
Masab Tank,2 BHK,845.0,2.0,29.0,2,3431.9526627218934
Himayat Nagar,2 BHK,700.0,2.0,35.0,2,5000.0
Pragathi Nagar Kukatpally,3 BHK,1625.0,3.0,55.0,3,3384.6153846153848
Janachaitanya Colony,2 BHK,1452.55,2.0,110.0,2,7572.889057175313
Gachibowli,2 BHK,1139.0,2.0,56.85,2,4991.220368744513
Gachibowli,3 BHK,1660.0,3.0,75.0,3,4518.0722891566265
Nanakramguda,2 BHK,1170.0,2.0,105.0,2,8974.358974358975
Kondapur,2 BHK,1448.0,2.0,68.0,2,4696.132596685083
Kondapur,3 BHK,1762.0,3.0,110.0,3,6242.905788876277
Bachupally,2 BHK,1105.0,2.0,38.65,2,3497.737556561086
Manikonda,3 BHK,1825.0,3.0,105.0,3,5753.424657534247
Nanakramguda,1 RK,296.0,1.0,22.89,1,7733.108108108108
Madhapur,2 BHK,1185.0,2.0,43.0,2,3628.6919831223627
Nallagandla Gachibowli,3 BHK,1320.0,2.0,38.12,3,2887.8787878787875
Bagh Amberpet,2 BHK,1058.0,2.0,48.0,2,4536.862003780719
Nallakunta,2 BHK,1200.0,2.0,72.0,2,6000.0
Nacharam,3 BHK,1550.0,3.0,78.0,3,5032.258064516129
Nacharam,4 BHK,2503.0,4.0,188.0,4,7510.986815821015
Nacharam,4 BHK,2524.0,5.0,190.0,4,7527.733755942948
Habsiguda,2 BHK,1045.0,2.0,76.77,2,7346.411483253589
Habsiguda,3 BHK,1290.0,2.0,45.15,3,3500.0
Nacharam,2 BHK,1400.0,2.0,78.0,2,5571.428571428572
Nacharam,3 BHK,1680.0,3.0,112.0,3,6666.666666666667
